Date:01.07.2026	Unit:C	CHARGE:00:09	TP:00:49	DRYe:03:22	FCs:04:23	FCe:05:54	SCs:	SCe:	DROP:07:06	COOL:10:19	Time:20:52
Time1	Time2	ET	BT	Event	{3}	{0}	SV	AT	{1}	AH
00:00		143.9	158.0		60.0	60.0	158.0	28.8	90.0	0.0
00:01		143.75	158.0		60.0	60.0	158.0	28.8	90.0	0.0
00:03		143.6	158.1		60.0	60.0	158.0	28.8	90.0	0.0
00:05		143.8	157.96666667		60.0	60.0	158.0	28.8	90.0	0.0
00:06		143.55	157.83333333		60.0	60.0	158.0	28.8	90.0	0.0
00:07		143.3	157.7		60.0	60.0	158.0	28.8	90.0	0.0
00:09	00:00	143.5	155.53333333	CHARGE	60.0	60.0	158.0	28.8	90.0	0.0
00:10	00:02	143.7	153.36666667		60.0	60.0	158.0	28.8	90.0	0.0
00:12	00:03	144.4	151.2		60.0	60.0	158.0	28.8	90.0	0.0
00:13	00:04	147.0	144.3		60.0	60.0	158.0	28.8	90.0	0.0
00:15	00:06	148.9	138.9		60.0	60.0	158.0	28.8	90.0	0.0
00:16	00:08	150.8	135.4		60.0	60.0	158.0	28.8	90.0	0.0
00:18	00:09	152.0	131.1		60.0	60.0	158.0	28.8	90.0	0.0
00:20	00:11	152.7	127.6		60.0	60.0	158.0	28.8	90.0	0.0
00:21	00:12	153.5	125.2		60.0	60.0	158.0	28.8	90.0	0.0
00:22	00:13	153.8	122.5		60.0	60.0	158.0	28.8	90.0	0.0
00:24	00:15	154.8	119.4		60.0	60.0	158.0	28.8	90.0	0.0
00:25	00:16	155.5	117.1		60.0	60.0	158.0	28.8	90.0	0.0
00:27	00:18	155.9	115.6		60.0	60.0	158.0	28.8	90.0	0.0
00:28	00:20	156.3	113.7		60.0	60.0	158.0	28.8	90.0	0.0
00:30	00:21	156.6	112.5		60.0	60.0	158.0	28.8	90.0	0.0
00:31	00:22	156.9	111.0		60.0	60.0	158.0	28.8	90.0	0.0
00:33	00:24	157.2	109.9		60.0	60.0	158.0	28.8	90.0	0.0
00:34	00:26	157.5	109.0		60.0	60.0	158.0	28.8	90.0	0.0
00:36	00:27	157.7	108.4		60.0	60.0	158.0	28.8	90.0	0.0
00:37	00:28	157.9	107.9		60.0	60.0	158.0	28.8	90.0	0.0
00:39	00:30	158.06666667	107.0		60.0	60.0	158.0	28.8	90.0	0.0
00:40	00:32	158.23333333	106.3		60.0	60.0	158.0	28.8	90.0	0.0
00:42	00:33	158.4	106.05		60.0	60.0	158.0	28.8	90.0	0.0
00:44	00:35	158.4	105.8		60.0	60.0	158.0	28.8	90.0	0.0
00:45	00:36	158.4	105.55		60.0	60.0	158.0	28.8	90.0	0.0
00:47	00:38	158.7	105.3		60.0	60.0	158.0	28.8	90.0	0.0
00:48	00:39	159.2	105.3		60.0	60.0	158.0	28.8	90.0	0.0
00:49	00:40	159.33333333	105.3	TP	60.0	60.0	158.0	28.8	90.0	0.0
00:51	00:42	159.46666667	105.6		60.0	60.0	158.0	28.8	90.0	0.0
00:53	00:44	159.6	105.8		60.0	60.0	158.0	28.8	90.0	0.0
00:54	00:45	159.6	106.0		60.0	60.0	158.0	28.8	90.0	0.0
00:56	00:47	159.6	106.3		60.0	60.0	158.0	28.8	90.0	0.0
00:57	00:48	159.7	106.6		60.0	60.0	158.0	28.8	90.0	0.0
00:59	00:50	159.85	106.95		60.0	60.0	158.0	28.8	90.0	0.0
01:00	00:51	160.0	107.3		60.0	60.0	158.0	28.8	90.0	0.0
01:01	00:53	160.0	107.7		60.0	60.0	158.0	28.8	90.0	0.0
01:03	00:54	160.0	108.1		60.0	60.0	158.0	28.8	90.0	0.0
01:04	00:56	160.1	108.4		60.0	60.0	172.33333333	28.8	90.0	0.0
01:06	00:57	160.25	108.8		60.0	60.0	186.66666667	28.8	90.0	0.0
01:07	00:59	160.4	109.2		60.0	60.0	201.0	28.8	90.0	0.0
01:09	00:60	160.4	110.0		60.0	60.0	208.0	28.8	90.0	0.0
01:10	01:01	160.4	110.3		60.0	60.0	215.0	28.8	90.0	0.0
01:12	01:03	160.2	110.6		60.0	60.0	215.0	28.8	90.0	0.0
01:13	01:04	160.7	111.2		60.0	60.0	215.0	28.8	90.0	0.0
01:15	01:06	160.7	112.1		60.0	60.0	215.0	28.8	90.0	0.0
01:16	01:07	160.7	112.4		60.0	60.0	215.0	28.8	90.0	0.0
01:18	01:09	160.4	112.7		60.0	60.0	215.0	28.8	90.0	0.0
01:19	01:11	160.4	113.3		60.0	60.0	215.0	28.8	90.0	0.0
01:21	01:12	160.4	113.8		60.0	60.0	215.0	28.8	90.0	0.0
01:22	01:14	160.3	114.3		60.0	60.0	215.0	28.8	90.0	0.0
01:24	01:15	160.3	114.8		60.0	60.0	215.0	28.8	90.0	0.0
01:25	01:16	160.3	115.15		60.0	60.0	215.0	28.8	90.0	0.0
01:27	01:18	160.4	115.5		60.0	60.0	215.0	28.8	90.0	0.0
01:29	01:20	160.25	115.8		60.0	60.0	215.0	28.8	90.0	0.0
01:30	01:21	160.1	116.1		60.0	60.0	215.0	28.8	90.0	0.0
01:31	01:22	160.1	116.9		60.0	60.0	215.0	28.8	90.0	0.0
01:33	01:24	160.1	117.5		60.0	60.0	215.0	28.8	90.0	0.0
01:34	01:26	160.1	118.1		60.0	60.0	215.0	28.8	90.0	0.0
01:36	01:27	160.3	118.7		60.0	60.0	215.0	28.8	90.0	0.0
01:37	01:28	160.3	119.2		60.0	60.0	215.0	28.8	90.0	0.0
01:39	01:30	160.3	119.6		60.0	60.0	215.0	28.8	90.0	0.0
01:40	01:32	160.1	120.1		60.0	60.0	215.0	28.8	90.0	0.0
01:42	01:33	160.3	120.8		60.0	60.0	215.0	28.8	90.0	0.0
01:43	01:34	160.5	121.15		60.0	60.0	215.0	28.8	90.0	0.0
01:45	01:36	160.5	121.5		60.0	60.0	215.0	28.8	90.0	0.0
01:46	01:38	160.5	121.9		60.0	60.0	215.0	28.8	90.0	0.0
01:48	01:39	160.6	122.3		60.0	60.0	215.0	28.8	90.0	0.0
01:49	01:41	160.6	122.8		60.0	60.0	215.0	28.8	90.0	0.0
01:51	01:42	160.6	123.3		60.0	60.0	215.0	28.8	90.0	0.0
01:53	01:44	160.6	123.8		60.0	60.0	215.0	28.8	90.0	0.0
01:54	01:45	160.5	124.2		60.0	60.0	215.0	28.8	90.0	0.0
01:55	01:46	160.5	124.6		60.0	60.0	215.0	28.8	90.0	0.0
01:57	01:48	160.5	125.1		60.0	60.0	215.0	28.8	90.0	0.0
01:59	01:50	160.6	125.6		60.0	60.0	215.0	28.8	90.0	0.0
01:60	01:51	160.6	126.2		60.0	60.0	215.0	28.8	90.0	0.0
02:01	01:53	160.6	126.6		60.0	60.0	215.0	28.8	90.0	0.0
02:03	01:54	160.5	127.1		60.0	60.0	215.0	28.8	90.0	0.0
02:05	01:56	159.7	127.6		60.0	60.0	215.0	28.8	90.0	0.0
02:06	01:57	160.1	128.2		60.0	60.0	215.0	28.8	90.0	0.0
02:07	01:59	160.2	128.6		60.0	60.0	215.0	28.8	90.0	0.0
02:09	02:00	160.3	129.2		60.0	60.0	215.0	28.8	90.0	0.0
02:11	02:02	160.4	129.5		60.0	60.0	215.0	28.8	90.0	0.0
02:12	02:03	160.4	129.8		60.0	60.0	215.0	28.8	90.0	0.0
02:13	02:04	160.4	130.3		60.0	60.0	215.0	28.8	90.0	0.0
02:15	02:06	160.4	130.7		60.0	60.0	215.0	28.8	90.0	0.0
02:16	02:08	160.3	131.1		60.0	60.0	215.0	28.8	90.0	0.0
02:18	02:09	160.2	131.4		60.0	60.0	215.0	28.8	90.0	0.0
02:19	02:10	160.1	131.9		60.0	60.0	215.0	28.8	90.0	0.0
02:21	02:12	160.0	132.4		60.0	60.0	215.0	28.8	90.0	0.0
02:22	02:13	160.3	132.8		60.0	60.0	215.0	28.8	90.0	0.0
02:24	02:15	160.3	133.4		60.0	60.0	215.0	28.8	90.0	0.0
02:25	02:17	160.3	133.7		60.0	60.0	215.0	28.8	90.0	0.0
02:27	02:18	160.5	134.0		60.0	60.0	215.0	28.8	90.0	0.0
02:28	02:19	160.5	135.0		60.0	60.0	215.0	28.8	90.0	0.0
02:30	02:21	160.5	135.35		60.0	60.0	215.0	28.8	90.0	0.0
02:31	02:23	160.6	135.7		60.0	60.0	215.0	28.8	90.0	0.0
02:33	02:24	160.8	136.2		60.0	60.0	215.0	28.8	90.0	0.0
02:34	02:26	161.0	136.7		60.0	60.0	215.0	28.8	90.0	0.0
02:36	02:27	160.9	137.0		60.0	60.0	215.0	28.8	90.0	0.0
02:38	02:29	160.8	137.4		60.0	60.0	215.0	28.8	90.0	0.0
02:39	02:30	160.7	138.1		60.0	60.0	215.0	28.8	90.0	0.0
02:41	02:32	160.7	138.7		60.0	60.0	215.0	28.8	90.0	0.0
02:42	02:33	160.7	139.0		60.0	60.0	215.0	28.8	90.0	0.0
02:43	02:34	160.8	139.3		60.0	60.0	215.0	28.8	90.0	0.0
02:45	02:36	160.8	139.7		60.0	60.0	215.0	28.8	90.0	0.0
02:46	02:37	160.8	140.2		60.0	60.0	215.0	28.8	90.0	0.0
02:48	02:39	161.0	140.7		60.0	60.0	215.0	28.8	90.0	0.0
02:49	02:41	160.8	141.4		60.0	60.0	215.0	28.8	90.0	0.0
02:51	02:42	160.6	141.8		60.0	60.0	215.0	28.8	90.0	0.0
02:52	02:43	160.6	142.2		60.0	60.0	215.0	28.8	90.0	0.0
02:54	02:45	160.6	142.45		60.0	60.0	215.0	28.8	90.0	0.0
02:55	02:46	160.7	142.7		60.0	60.0	215.0	28.8	90.0	0.0
02:57	02:48	160.7	143.3		60.0	60.0	215.0	28.8	90.0	0.0
02:58	02:49	160.7	143.65		60.0	60.0	215.0	28.8	90.0	0.0
02:60	02:51	160.5	144.0		60.0	60.0	215.0	28.8	90.0	0.0
03:01	02:52	160.75	144.5		60.0	60.0	215.0	28.8	90.0	0.0
03:03	02:54	161.0	145.1		60.0	60.0	215.0	28.8	90.0	0.0
03:04	02:55	160.5	145.4		60.0	60.0	215.0	28.8	90.0	0.0
03:06	02:57	161.1	145.83333333		60.0	60.0	215.0	28.8	90.0	0.0
03:07	02:58	161.1	146.26666667		60.0	60.0	215.0	28.8	90.0	0.0
03:09	02:60	161.1	146.7		60.0	60.0	215.0	28.8	90.0	0.0
03:11	03:02	161.3	147.0		60.0	60.0	215.0	28.8	90.0	0.0
03:12	03:03	161.16666667	147.3		60.0	60.0	215.0	28.8	90.0	0.0
03:13	03:04	161.03333333	147.7		60.0	60.0	215.0	28.8	90.0	0.0
03:15	03:06	160.9	148.3		60.0	60.0	215.0	28.8	90.0	0.0
03:17	03:08	161.4	148.9		60.0	60.0	215.0	28.8	90.0	0.0
03:18	03:09	161.8	149.15		60.0	60.0	215.0	28.8	90.0	0.0
03:19	03:11	161.3	149.4		60.0	60.0	215.0	28.8	90.0	0.0
03:21	03:12	161.3	149.65		60.0	60.0	215.0	28.8	90.0	0.0
03:22	03:13	161.3	149.9	DRY End	60.0	60.0	215.0	28.8	90.0	0.0
03:24	03:15	161.5	150.5		60.0	60.0	215.0	28.8	90.0	0.0
03:25	03:17	161.5	151.0		60.0	60.0	215.0	28.8	90.0	0.0
03:27	03:18	161.6	151.5		60.0	60.0	215.0	28.8	90.0	0.0
03:29	03:20	161.7	151.8		60.0	60.0	215.0	28.8	90.0	0.0
03:30	03:21	161.8	152.25		60.0	60.0	215.0	28.8	90.0	0.0
03:32	03:23	161.55	152.7		60.0	60.0	215.0	28.8	90.0	0.0
03:33	03:24	161.3	153.2		60.0	60.0	215.0	28.8	90.0	0.0
03:34	03:25	161.46666667	153.9		60.0	60.0	215.0	28.8	90.0	0.0
03:36	03:27	161.63333333	154.2		60.0	60.0	215.0	28.8	90.0	0.0
03:38	03:29	161.8	154.5		60.0	60.0	215.0	28.8	90.0	0.0
03:39	03:30	161.8	154.8		60.0	60.0	215.0	28.8	90.0	0.0
03:40	03:31	161.8	155.05		60.0	60.0	215.0	28.8	90.0	0.0
03:42	03:33	162.1	155.3		60.0	60.0	215.0	28.8	90.0	0.0
03:43	03:35	161.7	155.8		60.0	60.0	215.0	28.8	90.0	0.0
03:45	03:36	162.05	156.35		60.0	60.0	215.0	28.8	90.0	0.0
03:46	03:38	162.4	156.9		60.0	60.0	215.0	28.8	90.0	0.0
03:48	03:39	162.4	157.3		60.0	60.0	215.0	28.8	90.0	0.0
03:49	03:41	162.4	157.5		60.0	60.0	215.0	28.8	90.0	0.0
03:51	03:42	162.3	157.7		60.0	60.0	215.0	28.8	90.0	0.0
03:52	03:43	162.3	158.5		60.0	60.0	215.0	28.8	90.0	0.0
03:54	03:45	162.3	158.9		60.0	60.0	215.0	28.8	90.0	0.0
03:55	03:47	162.5	159.13333333		60.0	61.66666667	215.0	28.8	90.0	0.0
03:57	03:48	162.5	159.36666667		60.0	63.33333333	215.0	28.8	90.0	0.0
03:59	03:50	162.5	159.6		60.0	65.0	215.0	28.8	90.0	0.0
03:60	03:51	162.4	160.3		60.0	70.0	215.0	28.8	90.0	0.0
04:01	03:53	162.4	160.9		60.0	70.0	215.0	28.8	90.0	0.0
04:03	03:54	162.4	161.25		60.0	70.0	215.0	28.8	90.0	0.0
04:04	03:56	162.4	161.6		60.0	70.0	215.0	28.8	90.0	0.0
04:06	03:57	162.5	162.0		56.66666667	70.0	215.0	28.8	90.0	0.0
04:07	03:59	162.5	162.15		53.33333333	70.0	215.0	28.8	90.0	0.0
04:09	04:00	162.5	162.3		50.0	70.0	215.0	28.8	90.0	0.0
04:10	04:01	162.3	163.0		50.0	70.0	215.0	28.8	90.0	0.0
04:12	04:03	162.1	163.4		50.0	70.0	215.0	28.8	90.0	0.0
04:13	04:05	161.9	163.8		50.0	70.0	215.0	28.8	90.0	0.0
04:15	04:06	161.8	164.3		50.0	70.0	215.0	28.8	90.0	0.0
04:16	04:08	161.7	164.7		50.0	70.0	215.0	28.8	90.0	0.0
04:18	04:09	161.6	165.1		50.0	70.0	215.0	28.8	90.0	0.0
04:20	04:11	161.6	165.4		50.0	70.0	215.0	28.8	90.0	0.0
04:21	04:12	161.6	165.8		50.0	70.0	215.0	28.8	90.0	0.0
04:23	04:14	161.6	166.2	FCs	50.0	70.0	215.0	28.8	90.0	0.0
04:24	04:15	161.7	166.5		50.0	70.0	215.0	28.8	90.0	0.0
04:25	04:16	161.8	167.0		40.0	70.0	215.0	28.8	90.0	0.0
04:27	04:18	161.9	167.5		30.0	70.0	215.0	28.8	90.0	0.0
04:28	04:19	161.73333333	167.8		20.0	70.0	215.0	28.8	90.0	0.0
04:30	04:21	161.56666667	168.5		20.0	70.0	215.0	28.8	90.0	0.0
04:32	04:23	161.4	168.65		20.0	70.0	215.0	28.8	90.0	0.0
04:33	04:24	161.3	168.8		20.0	70.0	215.0	28.8	90.0	0.0
04:34	04:26	161.2	169.3		20.0	70.0	215.0	28.8	90.0	0.0
04:36	04:27	161.1	169.8		20.0	70.0	215.0	28.8	90.0	0.0
04:37	04:28	160.5	170.15		20.0	70.0	215.0	28.8	90.0	0.0
04:39	04:30	160.8	170.5		20.0	70.0	215.0	28.8	90.0	0.0
04:40	04:31	160.5	170.65		20.0	70.0	215.0	28.8	90.0	0.0
04:42	04:33	160.1	170.8		20.0	70.0	215.0	28.8	90.0	0.0
04:44	04:35	159.7	171.2		20.0	70.0	215.0	28.8	90.0	0.0
04:45	04:36	160.25	171.5		20.0	70.0	215.0	28.8	90.0	0.0
04:46	04:38	160.8	171.65		20.0	70.0	215.0	28.8	90.0	0.0
04:48	04:39	160.3	171.8		20.0	70.0	215.0	28.8	90.0	0.0
04:49	04:40	159.8	172.0		20.0	70.0	215.0	28.8	90.0	0.0
04:51	04:42	158.9	172.2		20.0	70.0	215.0	28.8	90.0	0.0
04:52	04:44	158.8	172.4		20.0	70.0	215.0	28.8	90.0	0.0
04:54	04:45	158.7	172.7		20.0	70.0	215.0	28.8	90.0	0.0
04:55	04:46	158.6	173.0		18.33333333	70.0	215.0	28.8	90.0	0.0
04:57	04:48	158.25	173.3		16.66666667	70.0	215.0	28.8	90.0	0.0
04:58	04:50	157.9	173.7		15.0	70.0	215.0	28.8	90.0	0.0
04:60	04:51	157.4	173.9		15.0	70.0	215.0	28.8	90.0	0.0
05:01	04:53	157.1	174.1		15.0	70.0	215.0	28.8	90.0	0.0
05:03	04:54	156.4	173.9		15.0	70.0	215.0	28.8	90.0	0.0
05:04	04:56	156.1	173.7		15.0	70.0	215.0	28.8	90.0	0.0
05:06	04:57	155.9	173.5		15.0	70.0	215.0	28.8	90.0	0.0
05:08	04:59	155.7	173.9		15.0	70.0	215.0	28.8	90.0	0.0
05:09	05:00	155.4	173.9		15.0	70.0	215.0	28.8	90.0	0.0
05:10	05:01	155.1	173.9		15.0	70.0	215.0	28.8	90.0	0.0
05:12	05:03	154.35	174.1		15.0	70.0	215.0	28.8	90.0	0.0
05:14	05:05	153.6	174.4		15.0	70.0	215.0	28.8	90.0	0.0
05:15	05:06	153.2	174.4		15.0	70.0	215.0	28.8	90.0	0.0
05:16	05:08	152.4	174.6		15.0	70.0	215.0	28.8	90.0	0.0
05:18	05:09	152.1	174.8		15.0	70.0	215.0	28.8	90.0	0.0
05:19	05:11	151.86666667	175.0		15.0	70.0	215.0	28.8	90.0	0.0
05:21	05:12	151.63333333	175.16666667		15.0	70.0	215.0	28.8	90.0	0.0
05:22	05:14	151.4	175.33333333		15.0	70.0	215.0	28.8	90.0	0.0
05:24	05:15	150.9	175.5		15.0	70.0	215.0	28.8	90.0	0.0
05:25	05:17	150.3	175.75		15.0	70.0	215.0	28.8	90.0	0.0
05:27	05:18	150.1	176.0		15.0	70.0	215.0	28.8	90.0	0.0
05:28	05:19	149.9	175.6		15.0	70.0	215.0	28.8	90.0	0.0
05:30	05:21	149.7	176.0		15.0	70.0	215.0	28.8	90.0	0.0
05:31	05:22	149.85	176.2		15.0	70.0	215.0	28.8	90.0	0.0
05:33	05:24	150.0	176.4		15.0	70.0	215.0	28.8	90.0	0.0
05:34	05:25	149.7	176.6		15.0	70.0	215.0	28.8	90.0	0.0
05:36	05:27	148.8	176.8		15.0	70.0	215.0	28.8	90.0	0.0
05:38	05:29	148.8	177.0		15.0	70.0	215.0	28.8	90.0	0.0
05:39	05:30	148.8	177.0		15.0	70.0	215.0	28.8	90.0	0.0
05:41	05:32	148.9	177.0		15.0	70.0	215.0	28.8	90.0	0.0
05:42	05:33	148.8	177.2		15.0	70.0	215.0	28.8	90.0	0.0
05:43	05:35	148.7	177.55		15.0	70.0	215.0	28.8	90.0	0.0
05:45	05:36	148.6	177.9		15.0	70.0	215.0	28.8	90.0	0.0
05:46	05:38	148.46666667	178.1		15.0	70.0	215.0	28.8	90.0	0.0
05:48	05:39	148.33333333	178.3		15.0	70.0	215.0	28.8	90.0	0.0
05:49	05:41	148.2	178.5		15.0	70.0	215.0	28.8	90.0	0.0
05:51	05:42	147.7	178.65		15.0	70.0	215.0	28.8	90.0	0.0
05:53	05:44	147.7	178.8		15.0	70.0	215.0	28.8	90.0	0.0
05:54	05:45	147.7	179.05	FCe	15.0	70.0	215.0	28.8	90.0	0.0
05:55	05:47	147.5	179.3		15.0	70.0	215.0	28.8	90.0	0.0
05:57	05:48	147.1	179.3		15.0	70.0	215.0	28.8	90.0	0.0
05:58	05:49	147.1	179.3		15.0	70.0	215.0	28.8	90.0	0.0
05:60	05:51	147.1	179.6		15.0	70.0	215.0	28.8	90.0	0.0
06:02	05:53	147.1	179.95		15.0	70.0	215.0	28.8	90.0	0.0
06:03	05:54	146.8	180.3		15.0	70.0	215.0	28.8	90.0	0.0
06:04	05:55	146.55	180.5		15.0	70.0	215.0	28.8	90.0	0.0
06:06	05:57	146.3	180.7		15.0	70.0	215.0	28.8	90.0	0.0
06:07	05:58	146.3	180.9		15.0	70.0	215.0	28.8	90.0	0.0
06:09	06:00	146.3	180.9		15.0	70.0	215.0	28.8	90.0	0.0
06:11	06:02	146.3	180.9		15.0	70.0	215.0	28.8	90.0	0.0
06:12	06:03	146.4	181.0		15.0	73.33333333	215.0	28.8	90.0	0.0
06:13	06:05	146.2	181.13333333		15.0	76.66666667	215.0	28.8	90.0	0.0
06:15	06:06	146.0	181.26666667		15.0	80.0	215.0	28.8	90.0	0.0
06:16	06:08	145.7	181.4		15.0	80.0	215.0	28.8	90.0	0.0
06:18	06:09	146.05	182.0		15.0	80.0	215.0	28.8	90.0	0.0
06:19	06:11	146.4	182.1		15.0	80.0	215.0	28.8	90.0	0.0
06:21	06:12	146.25	182.2		15.0	80.0	215.0	28.8	90.0	0.0
06:22	06:13	146.1	182.3		15.0	80.0	215.0	28.8	90.0	0.0
06:24	06:15	146.4	182.56666667		15.0	80.0	215.0	28.8	90.0	0.0
06:25	06:17	146.56666667	182.83333333		15.0	80.0	215.0	28.8	90.0	0.0
06:27	06:18	146.73333333	183.1		15.0	80.0	215.0	28.8	90.0	0.0
06:28	06:20	146.9	183.23333333		15.0	80.0	215.0	28.8	90.0	0.0
06:30	06:21	146.8	183.36666667		15.0	80.0	215.0	28.8	90.0	0.0
06:31	06:23	146.7	183.5		15.0	80.0	215.0	28.8	90.0	0.0
06:33	06:24	146.6	183.3		15.0	80.0	215.0	28.8	90.0	0.0
06:34	06:25	146.2	183.1		15.0	80.0	215.0	28.8	90.0	0.0
06:36	06:27	146.0	183.6		15.0	80.0	215.0	28.8	90.0	0.0
06:37	06:28	145.8	183.9		15.0	80.0	215.0	28.8	90.0	0.0
06:39	06:30	145.6	184.2		15.0	80.0	215.0	28.8	90.0	0.0
06:40	06:31	145.4	184.5		15.0	80.0	215.0	28.8	90.0	0.0
06:42	06:33	145.25	184.5		15.0	80.0	215.0	28.8	90.0	0.0
06:44	06:35	145.1	184.5		15.0	80.0	215.0	28.8	90.0	0.0
06:45	06:36	144.7	184.7		15.0	80.0	215.0	28.8	90.0	0.0
06:46	06:38	144.7	184.9		15.0	80.0	215.0	28.8	90.0	0.0
06:48	06:39	144.7	185.1		15.0	80.0	215.0	28.8	90.0	0.0
06:49	06:40	144.7	185.1		15.0	80.0	215.0	28.8	90.0	0.0
06:51	06:42	144.4	185.1		15.0	80.0	215.0	28.8	90.0	0.0
06:52	06:43	144.1	184.9		15.0	80.0	215.0	28.8	90.0	0.0
06:54	06:45	143.8	185.5		15.0	80.0	215.0	28.8	90.0	0.0
06:56	06:47	143.65	185.65		15.0	80.0	215.0	28.8	90.0	0.0
06:57	06:48	143.5	185.8		15.0	80.0	215.0	28.8	90.0	0.0
06:59	06:50	143.4	185.3		15.0	80.0	215.0	28.8	90.0	0.0
07:00	06:51	143.3	185.65		15.0	80.0	215.0	28.8	90.0	0.0
07:01	06:53	143.2	186.0		15.0	80.0	215.0	28.8	90.0	0.0
07:03	06:54	142.86666667	186.2		15.0	80.0	215.0	28.8	90.0	0.0
07:04	06:56	142.53333333	186.4		15.0	80.0	215.0	28.8	90.0	0.0
07:06	06:57	142.2	185.83333333	DROP	15.0	80.0	215.0	28.8	90.0	0.0
07:07	06:59	142.7	185.26666667		15.0	80.0	215.0	28.8	90.0	0.0
07:09	06:60	142.35	184.7		15.0	80.0	215.0	28.8	90.0	0.0
07:10	07:02	142.0	182.4		15.0	80.0	215.0	28.8	90.0	0.0
07:12	07:03	141.75	180.5		15.0	80.0	215.0	28.8	90.0	0.0
07:14	07:05	141.5	178.3		15.0	80.0	215.0	28.8	90.0	0.0
07:15	07:06	140.9	176.8		15.0	80.0	215.0	28.8	90.0	0.0
07:16	07:07	140.65	175.5		15.0	80.0	215.0	28.8	90.0	0.0
07:18	07:09	140.4	173.8		15.0	80.0	215.0	28.8	90.0	0.0
07:20	07:11	140.25	172.1		15.0	80.0	215.0	28.8	90.0	0.0
07:21	07:12	140.1	170.7		15.0	80.0	215.0	28.8	90.0	0.0
07:23	07:14	139.3	169.2		15.0	80.0	215.0	28.8	90.0	0.0
07:24	07:15	139.3	167.1		15.0	80.0	215.0	28.8	90.0	0.0
07:25	07:17	139.3	165.7		15.0	80.0	215.0	28.8	90.0	0.0
07:27	07:18	139.1	164.7		15.0	80.0	215.0	28.8	90.0	0.0
07:28	07:19	138.8	163.4		15.0	80.0	215.0	28.8	90.0	0.0
07:30	07:21	138.5	162.3		15.0	80.0	215.0	28.8	90.0	0.0
07:31	07:22	138.35	161.2		15.0	80.0	215.0	28.8	90.0	0.0
07:33	07:24	138.2	160.5		15.0	80.0	215.0	28.8	90.0	0.0
07:34	07:26	137.7	159.5		15.0	80.0	215.0	28.8	90.0	0.0
07:36	07:27	137.4	158.7		15.0	80.0	215.0	28.8	90.0	0.0
07:37	07:29	137.1	157.3		15.0	80.0	215.0	28.8	90.0	0.0
07:39	07:30	136.7	156.6		15.0	80.0	215.0	28.8	90.0	0.0
07:40	07:32	136.5	155.7		15.0	80.0	215.0	28.8	90.0	0.0
07:42	07:33	136.3	154.9		15.0	80.0	215.0	28.8	90.0	0.0
07:44	07:35	136.1	154.3		15.0	80.0	215.0	28.8	90.0	0.0
07:45	07:36	135.6	153.6		15.0	80.0	215.0	28.8	90.0	0.0
07:47	07:38	135.4	152.6		15.0	80.0	215.0	28.8	90.0	0.0
07:48	07:39	135.2	152.2		15.0	80.0	215.0	28.8	90.0	0.0
07:50	07:41	134.8	151.8		15.0	80.0	215.0	28.8	90.0	0.0
07:51	07:42	134.4	151.1		15.0	80.0	215.0	28.8	90.0	0.0
07:52	07:44	134.2	150.6		15.0	80.0	215.0	28.8	90.0	0.0
07:54	07:45	134.0	149.9		15.0	80.0	215.0	28.8	90.0	0.0
07:55	07:47	133.9	149.6		15.0	80.0	215.0	28.8	90.0	0.0
07:57	07:48	133.8	149.1		15.0	80.0	215.0	28.8	90.0	0.0
07:59	07:50	133.7	148.7		15.0	80.0	215.0	28.8	90.0	0.0
08:00	07:51	133.3	148.2		15.0	80.0	215.0	28.8	90.0	0.0
08:01	07:53	133.05	147.9		15.0	80.0	215.0	28.8	90.0	0.0
08:03	07:54	132.8	147.6		15.0	80.0	215.0	28.8	90.0	0.0
08:04	07:56	132.66666667	146.8		15.0	80.0	215.0	28.8	90.0	0.0
08:06	07:57	132.53333333	146.5		15.0	80.0	215.0	28.8	90.0	0.0
08:07	07:59	132.4	145.9		15.0	80.0	215.0	28.8	90.0	0.0
08:09	08:00	132.2	145.5		15.0	80.0	215.0	28.8	90.0	0.0
08:10	08:02	132.0	145.25		15.0	80.0	215.0	28.8	90.0	0.0
08:12	08:03	131.8	145.0		15.0	80.0	215.0	28.8	90.0	0.0
08:14	08:05	131.8	144.6		15.0	80.0	215.0	28.8	90.0	0.0
08:15	08:06	131.8	144.25		15.0	80.0	215.0	28.8	90.0	0.0
08:16	08:08	131.7	143.9		15.0	80.0	215.0	28.8	90.0	0.0
08:18	08:09	131.53333333	143.4		15.0	80.0	215.0	28.8	90.0	0.0
08:19	08:11	131.36666667	142.95		15.0	80.0	215.0	28.8	90.0	0.0
08:21	08:12	131.2	142.5		15.0	80.0	215.0	28.8	90.0	0.0
08:22	08:14	131.2	142.2		15.0	80.0	215.0	28.8	90.0	0.0
08:24	08:15	131.2	142.0		15.0	80.0	215.0	28.8	90.0	0.0
08:25	08:16	131.2	141.8		15.0	80.0	215.0	28.8	90.0	0.0
08:27	08:18	131.2	141.3		15.0	80.0	215.0	28.8	90.0	0.0
08:28	08:20	131.06666667	141.0		15.0	80.0	215.0	28.8	90.0	0.0
08:30	08:21	130.93333333	140.7		15.0	80.0	215.0	28.8	90.0	0.0
08:31	08:23	130.8	140.5		15.0	80.0	215.0	28.8	90.0	0.0
08:33	08:24	130.3	140.3		15.0	80.0	215.0	28.8	90.0	0.0
08:34	08:25	130.3	140.0		15.0	80.0	215.0	28.8	90.0	0.0
08:36	08:27	130.0	139.6		15.0	80.0	215.0	28.8	90.0	0.0
08:37	08:28	129.7	139.2		15.0	80.0	215.0	28.8	90.0	0.0
08:39	08:30	129.4	138.8		15.0	80.0	215.0	28.8	90.0	0.0
08:40	08:31	129.8	138.63333333		15.0	80.0	215.0	28.8	90.0	0.0
08:42	08:33	129.8	138.46666667		15.0	80.0	215.0	28.8	90.0	0.0
08:44	08:35	129.8	138.3		15.0	80.0	215.0	28.8	90.0	0.0
08:45	08:36	129.7	137.6		15.0	80.0	215.0	28.8	90.0	0.0
08:46	08:38	129.1	137.35		15.0	80.0	215.0	28.8	90.0	0.0
08:48	08:39	129.1	137.1		15.0	80.0	215.0	28.8	90.0	0.0
08:49	08:41	129.1	136.8		15.0	80.0	215.0	28.8	90.0	0.0
08:51	08:42	129.0	136.5		15.0	80.0	215.0	28.8	90.0	0.0
08:53	08:44	128.4	136.3		15.0	80.0	215.0	28.8	90.0	0.0
08:54	08:45	128.9	136.1		15.0	80.0	143.33333333	28.8	90.0	0.0
08:56	08:47	128.5	135.85		15.0	80.0	71.66666667	28.8	90.0	0.0
08:57	08:48	128.5	135.6		10.0	80.0	0.0	28.8	90.0	0.0
08:59	08:50	128.5	135.2		5.0	80.0	0.0	28.8	90.0	0.0
09:00	08:51	128.3	135.06666667		0.0	80.0	0.0	28.8	90.0	0.0
09:01	08:53	127.86666667	134.93333333		0.0	80.0	0.0	28.8	90.0	0.0
09:03	08:54	127.43333333	134.8		0.0	80.0	0.0	28.8	90.0	0.0
09:04	08:56	127.0	134.5		0.0	80.0	0.0	28.8	90.0	0.0
09:06	08:57	126.6	134.3		0.0	80.0	0.0	28.8	90.0	0.0
09:08	08:59	125.9	134.1		0.0	80.0	0.0	28.8	90.0	0.0
09:09	09:00	125.4	133.9		0.0	80.0	0.0	28.8	90.0	0.0
09:10	09:02	125.1	133.7		0.0	80.0	0.0	28.8	90.0	0.0
09:12	09:03	124.8	133.4		0.0	80.0	0.0	28.8	90.0	0.0
09:13	09:04	124.6	133.1		0.0	80.0	0.0	28.8	90.0	0.0
09:15	09:06	124.4	132.85		0.0	80.0	0.0	28.8	90.0	0.0
09:16	09:07	124.0	132.6		0.0	80.0	0.0	28.8	90.0	0.0
09:18	09:09	123.8	132.46666667		0.0	80.0	0.0	28.8	90.0	0.0
09:19	09:11	123.6	132.33333333		0.0	80.0	0.0	28.8	90.0	0.0
09:21	09:12	123.3	132.2		0.0	80.0	0.0	28.8	90.0	0.0
09:22	09:14	123.0	131.7		0.0	80.0	0.0	28.8	90.0	0.0
09:24	09:15	122.75	131.7		0.0	80.0	0.0	28.8	90.0	0.0
09:26	09:17	122.5	131.7		0.0	80.0	0.0	28.8	90.0	0.0
09:27	09:18	122.33333333	131.6		0.0	80.0	0.0	28.8	90.0	0.0
09:28	09:19	122.16666667	131.3		0.0	80.0	0.0	28.8	90.0	0.0
09:30	09:21	122.0	131.0		0.0	80.0	0.0	28.8	90.0	0.0
09:31	09:23	121.8	130.7		0.0	80.0	0.0	28.8	90.0	0.0
09:33	09:24	121.6	130.7		0.0	80.0	0.0	28.8	90.0	0.0
09:35	09:26	121.4	130.7		0.0	80.0	0.0	28.8	90.0	0.0
09:36	09:27	121.26666667	130.4		0.0	80.0	0.0	28.8	90.0	0.0
09:38	09:29	121.13333333	130.2		0.0	80.0	0.0	28.8	90.0	0.0
09:39	09:30	121.0	130.0		0.0	80.0	0.0	28.8	90.0	0.0
09:40	09:32	120.7	129.8		0.0	80.0	0.0	28.8	90.0	0.0
09:42	09:33	120.4	129.6		0.0	80.0	0.0	28.8	90.0	0.0
09:43	09:34	120.25	129.6		0.0	80.0	0.0	28.8	90.0	0.0
09:45	09:36	120.1	129.6		0.0	80.0	0.0	28.8	90.0	0.0
09:46	09:37	119.96666667	129.4		0.0	80.0	0.0	28.8	90.0	0.0
09:48	09:39	119.83333333	128.4		0.0	80.0	0.0	28.8	90.0	0.0
09:49	09:40	119.7	128.4		0.0	80.0	0.0	28.8	90.0	0.0
09:51	09:42	119.7	128.4		0.0	80.0	0.0	28.8	90.0	0.0
09:52	09:43	119.7	128.6		0.0	80.0	0.0	28.8	90.0	0.0
09:54	09:45	119.5	128.2		0.0	80.0	0.0	28.8	90.0	0.0
09:55	09:47	119.0	128.2		0.0	80.0	0.0	28.8	90.0	0.0
09:57	09:48	118.83333333	128.2		0.0	80.0	0.0	28.8	90.0	0.0
09:58	09:49	118.66666667	128.1		0.0	80.0	0.0	28.8	90.0	0.0
09:60	09:51	118.5	127.7		0.0	80.0	0.0	28.8	90.0	0.0
10:02	09:53	118.5	127.7		0.0	80.0	0.0	28.8	90.0	0.0
10:03	09:54	118.5	127.7		0.0	80.0	0.0	28.8	90.0	0.0
10:04	09:55	118.3	127.4		0.0	80.0	0.0	28.8	90.0	0.0
10:06	09:57	118.3	127.26666667		0.0	80.0	0.0	28.8	90.0	0.0
10:07	09:58	118.3	127.13333333		0.0	80.0	0.0	28.8	90.0	0.0
10:09	10:00	118.1	127.0		0.0	80.0	0.0	28.8	90.0	0.0
10:10	10:02	117.5	127.0		0.0	80.0	0.0	28.8	90.0	0.0
10:12	10:03	117.5	127.0		0.0	80.0	0.0	28.8	90.0	0.0
10:14	10:05	117.5	126.8		0.0	80.0	0.0	28.8	90.0	0.0
10:15	10:06	117.5	126.3		0.0	80.0	0.0	28.8	90.0	0.0
10:16	10:07	117.2	126.1		0.0	80.0	0.0	28.8	90.0	0.0
10:18	10:09	117.03333333	125.9		0.0	80.0	0.0	28.8	90.0	0.0
10:19	10:10	116.86666667	125.9	COOL	0.0	80.0	0.0	28.8	90.0	0.0
10:21	10:12	116.7	125.9		0.0	80.0	0.0	28.8	90.0	0.0
10:23	10:14	116.7	125.8		0.0	80.0	0.0	28.8	90.0	0.0
10:24	10:15	116.7	125.63333333		0.0	80.0	0.0	28.8	90.0	0.0
10:25	10:16	116.9	125.46666667		0.0	80.0	0.0	28.8	90.0	0.0
10:27	10:18	116.6	125.3		0.0	80.0	0.0	28.8	90.0	0.0
10:28	10:20	116.6	125.06666667		0.0	80.0	0.0	28.8	90.0	0.0
10:30	10:21	116.6	124.83333333		0.0	80.0	0.0	28.8	90.0	0.0
10:31	10:22	116.7	124.6		0.0	80.0	0.0	28.8	90.0	0.0
10:33	10:24	116.35	124.6		0.0	80.0	0.0	28.8	90.0	0.0
10:34	10:26	116.0	124.6		0.0	80.0	0.0	28.8	90.0	0.0
10:36	10:27	116.0	124.6		0.0	80.0	0.0	28.8	90.0	0.0
10:38	10:29	116.0	124.4		0.0	80.0	0.0	28.8	90.0	0.0
10:39	10:30	115.8	124.2		0.0	80.0	0.0	28.8	90.0	0.0
10:40	10:31	115.6	124.0		0.0	80.0	0.0	28.8	90.0	0.0
10:42	10:33	115.4	123.8		0.0	80.0	0.0	28.8	90.0	0.0
10:43	10:34	115.4	123.8		0.0	80.0	0.0	28.8	90.0	0.0
10:45	10:36	115.4	123.8		0.0	80.0	0.0	28.8	90.0	0.0
10:46	10:37	115.2	123.6		0.0	80.0	0.0	28.8	90.0	0.0
10:48	10:39	115.0	123.2		0.0	80.0	0.0	28.8	90.0	0.0
10:50	10:41	114.8	122.9		0.0	80.0	0.0	28.8	90.0	0.0
10:51	10:42	114.8	122.6		0.0	80.0	0.0	28.8	90.0	0.0
10:52	10:44	114.8	122.7		0.0	80.0	0.0	28.8	90.0	0.0
10:54	10:45	114.5	122.8		0.0	80.0	0.0	28.8	90.0	0.0
10:55	10:46	114.5	122.9		0.0	80.0	0.0	28.8	90.0	0.0
10:57	10:48	114.5	122.5		0.0	80.0	0.0	28.8	90.0	0.0
10:58	10:50	114.6	122.5		0.0	80.0	0.0	28.8	90.0	0.0
11:00	10:51	114.35	122.5		0.0	80.0	0.0	28.8	90.0	0.0
11:01	10:52	114.1	122.5		0.0	80.0	0.0	28.8	90.0	0.0
11:03	10:54	113.4	122.2		0.0	80.0	0.0	28.8	90.0	0.0
11:05	10:56	113.4	121.9		0.0	80.0	0.0	28.8	90.0	0.0
11:06	10:57	113.26666667	121.6		0.0	80.0	0.0	28.8	90.0	0.0
11:07	10:58	113.13333333	121.6		0.0	80.0	0.0	28.8	90.0	0.0
11:09	10:60	113.0	121.6		0.0	80.0	0.0	28.8	90.0	0.0
11:10	11:01	113.0	121.5		0.0	80.0	0.0	28.8	90.0	0.0
11:12	11:03	113.0	121.5		0.0	80.0	0.0	28.8	90.0	0.0
11:13	11:04	112.9	121.5		0.0	80.0	0.0	28.8	90.0	0.0
11:15	11:06	112.76666667	121.2		0.0	80.0	0.0	28.8	90.0	0.0
11:17	11:08	112.63333333	121.2		0.0	80.0	0.0	28.8	90.0	0.0
11:18	11:09	112.5	121.2		0.0	80.0	0.0	28.8	90.0	0.0
11:19	11:10	112.5	120.9		0.0	80.0	0.0	28.8	90.0	0.0
11:21	11:12	112.5	120.9		0.0	80.0	0.0	28.8	90.0	0.0
11:22	11:14	112.4	120.9		0.0	80.0	0.0	28.8	90.0	0.0
11:24	11:15	112.0	120.8		0.0	80.0	0.0	28.8	90.0	0.0
11:25	11:17	112.0	120.8		0.0	80.0	0.0	28.8	90.0	0.0
11:27	11:18	112.0	120.8		0.0	80.0	0.0	28.8	90.0	0.0
11:28	11:19	112.0	120.5		0.0	80.0	0.0	28.8	90.0	0.0
11:30	11:21	112.2	120.5		0.0	80.0	0.0	28.8	90.0	0.0
11:31	11:23	112.06666667	120.5		0.0	80.0	0.0	28.8	90.0	0.0
11:33	11:24	111.93333333	120.3		0.0	80.0	0.0	28.8	90.0	0.0
11:34	11:26	111.8	120.05		0.0	80.0	0.0	28.8	90.0	0.0
11:36	11:27	111.8	119.8		0.0	80.0	0.0	28.8	90.0	0.0
11:37	11:28	111.8	120.3		0.0	80.0	0.0	28.8	90.0	0.0
11:39	11:30	111.5	120.16666667		0.0	80.0	0.0	28.8	90.0	0.0
11:40	11:32	111.33333333	120.03333333		0.0	80.0	0.0	28.8	90.0	0.0
11:42	11:33	111.16666667	119.9		0.0	80.0	0.0	28.8	90.0	0.0
11:43	11:35	111.0	119.65		0.0	80.0	0.0	28.8	90.0	0.0
11:45	11:36	110.8	119.4		0.0	80.0	0.0	28.8	90.0	0.0
11:46	11:37	110.6	119.4		0.0	80.0	0.0	28.8	90.0	0.0
11:48	11:39	110.4	119.4		0.0	80.0	0.0	28.8	90.0	0.0
11:49	11:40	110.3	119.6		0.0	80.0	0.0	28.8	90.0	0.0
11:51	11:42	110.2	119.3		0.0	80.0	0.0	28.8	90.0	0.0
11:52	11:44	110.1	119.0		0.0	80.0	0.0	28.8	90.0	0.0
11:54	11:45	110.1	119.4		0.0	80.0	0.0	28.8	90.0	0.0
11:56	11:47	110.1	119.1		0.0	80.0	0.0	28.8	90.0	0.0
11:57	11:48	110.0	119.1		0.0	80.0	0.0	28.8	90.0	0.0
11:58	11:50	109.8	118.93333333		0.0	80.0	0.0	28.8	90.0	0.0
11:60	11:51	109.6	118.76666667		0.0	80.0	0.0	28.8	90.0	0.0
12:01	11:52	109.6	118.6		0.0	80.0	0.0	28.8	90.0	0.0
12:03	11:54	109.6	118.9		0.0	80.0	0.0	28.8	90.0	0.0
12:05	11:56	109.7	118.9		0.0	80.0	0.0	28.8	90.0	0.0
12:06	11:57	109.3	118.9		0.0	80.0	0.0	28.8	90.0	0.0
12:07	11:59	109.3	118.8		0.0	80.0	0.0	28.8	90.0	0.0
12:09	11:60	109.3	118.55		0.0	80.0	0.0	28.8	90.0	0.0
12:10	12:02	109.2	118.3		0.0	80.0	0.0	28.8	90.0	0.0
12:12	12:03	108.8	118.3		0.0	80.0	0.0	28.8	90.0	0.0
12:13	12:04	108.8	118.3		0.0	80.0	0.0	28.8	90.0	0.0
12:15	12:06	108.8	118.0		0.0	80.0	0.0	28.8	90.0	0.0
12:17	12:08	108.5	118.0		0.0	80.0	0.0	28.8	90.0	0.0
12:18	12:09	108.5	117.86666667		0.0	80.0	0.0	28.8	90.0	0.0
12:19	12:11	108.5	117.73333333		0.0	80.0	0.0	28.8	90.0	0.0
12:21	12:12	108.2	117.6		0.0	80.0	0.0	28.8	90.0	0.0
12:22	12:14	108.2	117.9		0.0	80.0	0.0	28.8	90.0	0.0
12:24	12:15	108.2	117.5		0.0	80.0	0.0	28.8	90.0	0.0
12:26	12:17	108.0	117.5		0.0	80.0	0.0	28.8	90.0	0.0
12:27	12:18	107.6	117.5		0.0	80.0	0.0	28.8	90.0	0.0
12:29	12:20	107.6	117.5		0.0	80.0	0.0	28.8	90.0	0.0
12:30	12:21	107.6	117.4		0.0	80.0	0.0	28.8	90.0	0.0
12:32	12:23	107.5	117.1		0.0	80.0	0.0	28.8	90.0	0.0
12:33	12:24	107.1	117.3		0.0	80.0	0.0	28.8	90.0	0.0
12:34	12:26	107.1	117.5		0.0	80.0	0.0	28.8	90.0	0.0
12:36	12:27	107.1	117.25		0.0	80.0	0.0	28.8	90.0	0.0
12:37	12:29	106.8	117.0		0.0	80.0	0.0	28.8	90.0	0.0
12:39	12:30	106.8	116.83333333		0.0	80.0	0.0	28.8	90.0	0.0
12:40	12:31	106.8	116.66666667		0.0	80.0	0.0	28.8	90.0	0.0
12:42	12:33	106.6	116.5		0.0	80.0	0.0	28.8	90.0	0.0
12:43	12:34	106.4	116.7		0.0	80.0	0.0	28.8	90.0	0.0
12:45	12:36	106.2	116.9		0.0	80.0	0.0	28.8	90.0	0.0
12:47	12:38	106.2	116.73333333		0.0	80.0	0.0	28.8	90.0	0.0
12:48	12:39	106.2	116.56666667		0.0	80.0	0.0	28.8	90.0	0.0
12:49	12:41	106.2	116.4		0.0	80.0	0.0	28.8	90.0	0.0
12:51	12:42	106.1	116.4		0.0	80.0	0.0	28.8	90.0	0.0
12:53	12:44	105.6	116.4		0.0	80.0	0.0	28.8	90.0	0.0
12:54	12:45	105.6	116.4		0.0	80.0	0.0	28.8	90.0	0.0
12:55	12:47	105.46666667	116.3		0.0	80.0	0.0	28.8	90.0	0.0
12:57	12:48	105.33333333	115.9		0.0	78.33333333	0.0	28.8	90.0	0.0
12:58	12:49	105.2	115.9		0.0	76.66666667	0.0	28.8	90.0	0.0
12:60	12:51	105.2	115.9		0.0	75.0	0.0	28.8	90.0	0.0
13:01	12:53	105.2	116.0		0.0	75.0	0.0	28.8	86.66666667	0.0
13:03	12:54	104.9	115.7		0.0	75.0	0.0	28.8	83.33333333	0.0
13:04	12:55	104.6	115.4		0.0	73.33333333	0.0	28.8	80.0	0.0
13:06	12:57	105.1	115.3		0.0	71.66666667	0.0	28.8	80.0	0.0
13:07	12:59	105.1	115.2		0.0	70.0	0.0	28.8	80.0	0.0
13:09	13:00	105.1	115.1		0.0	70.0	0.0	28.8	80.0	0.0
13:11	13:02	105.2	115.1		0.0	70.0	0.0	28.8	80.0	0.0
13:12	13:03	105.2	115.1		0.0	70.0	0.0	28.8	80.0	0.0
13:13	13:05	105.2	114.8		0.0	70.0	0.0	28.8	80.0	0.0
