Date:14.08.2026	Unit:C	CHARGE:00:28	TP:01:15	DRYe:05:09	FCs:07:45	FCe:	SCs:	SCe:	DROP:09:01	COOL:	Time:21:58
Time1	Time2	ET	BT	Event	{3}	{0}	SV	AT	{1}	AH
00:00		147.2	159.9		25.0	20.0	160.0	30.0	90.0	1.0
00:02		147.2	159.75		30.0	20.0	160.0	30.0	90.0	1.0
00:03		146.9	159.6		50.0	20.0	160.0	30.0	90.0	1.0
00:04		147.1	159.6		40.0	20.0	160.0	30.0	90.0	1.0
00:06		147.4	159.6		30.0	20.0	160.0	30.0	90.0	1.0
00:07		147.56666667	159.8		35.0	20.0	160.0	30.0	90.0	1.0
00:09		147.73333333	159.66666667		45.0	20.0	160.0	30.0	90.0	1.0
00:10		147.9	159.53333333		40.0	20.0	160.0	30.0	90.0	1.0
00:12		148.3	159.4		50.0	20.0	160.0	30.0	90.0	1.0
00:13		148.5	159.8		35.0	20.0	160.0	30.0	90.0	1.0
00:15		148.7	159.66666667		25.0	20.0	160.0	30.0	90.0	1.0
00:16		148.9	159.53333333		35.0	20.0	160.0	30.0	90.0	1.0
00:18		149.1	159.4		45.0	20.0	160.0	30.0	90.0	1.0
00:19		149.25	159.9		35.0	20.0	160.0	30.0	90.0	1.0
00:21		149.4	159.9		33.33333333	20.0	160.0	30.0	90.0	1.0
00:22		149.9	159.9		31.66666667	20.0	160.0	30.0	90.0	1.0
00:24		149.9	159.8		30.0	20.0	160.0	30.0	90.0	0.66666667
00:25		149.9	159.8		15.0	20.0	160.0	30.0	90.0	0.33333333
00:27		150.1	159.8		0.0	20.0	160.0	30.0	90.0	0.0
00:28	00:00	150.4	160.0	CHARGE	0.0	20.0	160.0	30.0	90.0	0.0
00:30	00:02	150.25	159.45		0.0	20.0	160.0	30.0	90.0	0.0
00:31	00:03	150.1	158.9		0.0	20.0	160.0	30.0	90.0	0.0
00:33	00:05	152.4	150.4		0.0	20.0	160.0	30.0	90.0	0.0
00:34	00:06	153.8	145.7		0.0	20.0	160.0	30.0	90.0	0.0
00:36	00:08	155.0	142.2		0.0	20.0	160.0	30.0	90.0	0.0
00:37	00:09	156.0	139.0		0.0	20.0	160.0	30.0	90.0	0.0
00:39	00:11	156.3	136.2		0.0	20.0	160.0	30.0	90.0	0.0
00:40	00:12	156.7	133.8		0.0	20.0	180.0	30.0	90.0	0.0
00:42	00:14	156.7	131.5		0.0	20.0	200.0	30.0	90.0	0.0
00:43	00:15	156.7	129.3		0.0	20.0	220.0	30.0	90.0	0.0
00:45	00:17	156.8	127.5		0.0	20.0	220.0	30.0	90.0	0.0
00:47	00:18	156.6	124.8		0.0	20.0	220.0	30.0	90.0	0.0
00:48	00:20	156.4	123.2		0.0	20.0	220.0	30.0	90.0	0.0
00:49	00:21	156.2	121.5		0.0	20.0	220.0	30.0	90.0	0.0
00:51	00:23	156.06666667	120.5		0.0	20.0	220.0	30.0	90.0	0.0
00:52	00:24	155.93333333	119.4		0.0	20.0	220.0	30.0	90.0	0.0
00:54	00:26	155.8	118.6		0.0	20.0	220.0	30.0	90.0	0.0
00:55	00:27	155.4	117.7		0.0	20.0	220.0	30.0	90.0	0.0
00:57	00:29	155.15	116.8		0.0	20.0	220.0	30.0	90.0	0.0
00:59	00:30	154.9	116.2		0.0	20.0	220.0	30.0	90.0	0.0
00:60	00:32	154.6	115.5		0.0	20.0	220.0	30.0	90.0	0.0
01:01	00:33	154.0	115.15		0.0	20.0	220.0	30.0	90.0	0.0
01:03	00:35	153.7	114.8		0.0	20.0	220.0	30.0	90.0	0.0
01:04	00:36	153.45	114.35		0.0	20.0	220.0	30.0	90.0	0.0
01:06	00:37	153.2	113.9		0.0	20.0	220.0	30.0	90.0	0.0
01:07	00:39	152.85	113.9		0.0	20.0	220.0	30.0	90.0	0.0
01:09	00:41	152.5	113.9		0.0	20.0	220.0	30.0	90.0	0.0
01:11	00:42	152.35	114.0		0.0	20.0	220.0	30.0	90.0	0.0
01:12	00:44	152.2	114.0		0.0	20.0	220.0	30.0	90.0	0.0
01:13	00:45	151.8	114.0		0.0	20.0	220.0	30.0	90.0	0.0
01:15	00:46	151.4	113.7	TP	0.0	20.0	220.0	30.0	90.0	0.0
01:16	00:48	151.1	113.95		0.0	20.0	220.0	30.0	90.0	0.0
01:18	00:50	150.6	114.2		15.0	20.0	220.0	30.0	90.0	0.0
01:20	00:51	150.4	114.2		30.0	20.0	220.0	30.0	90.0	0.0
01:21	00:53	150.2	114.2		45.0	20.0	220.0	30.0	90.0	0.0
01:22	00:54	149.7	114.3		45.0	20.0	220.0	30.0	90.0	0.0
01:24	00:56	149.7	114.5		45.0	20.0	220.0	30.0	90.0	0.0
01:25	00:57	149.7	114.7		45.0	20.0	220.0	30.0	90.0	0.0
01:27	00:58	149.6	114.83333333		45.0	20.0	220.0	30.0	90.0	0.0
01:29	01:00	149.9	114.96666667		45.0	20.0	220.0	30.0	90.0	0.0
01:30	01:02	149.9	115.1		45.0	20.0	220.0	30.0	90.0	0.0
01:31	01:03	149.9	115.4		45.0	20.0	220.0	30.0	90.0	0.0
01:33	01:05	150.1	115.7		45.0	20.0	220.0	30.0	90.0	0.0
01:34	01:06	150.4	115.7		45.0	20.0	220.0	30.0	90.0	0.0
01:36	01:08	150.4	115.7		45.0	20.0	220.0	30.0	90.0	0.0
01:37	01:09	150.4	115.8		46.66666667	20.0	220.0	30.0	90.0	0.0
01:39	01:11	150.5	116.3		48.33333333	20.0	220.0	30.0	90.0	0.0
01:40	01:12	150.5	116.7		50.0	20.0	220.0	30.0	90.0	0.0
01:42	01:14	150.5	117.1		60.0	20.0	220.0	30.0	90.0	0.0
01:43	01:15	150.6	117.35		60.0	20.0	220.0	30.0	90.0	0.0
01:45	01:17	151.3	117.6		60.0	20.0	220.0	30.0	90.0	0.0
01:46	01:18	151.7	117.9		58.33333333	20.0	220.0	30.0	90.0	0.0
01:48	01:19	152.4	118.16666667		56.66666667	20.0	220.0	30.0	90.0	0.0
01:49	01:21	152.8	118.43333333		55.0	20.0	220.0	30.0	90.0	0.0
01:51	01:23	152.8	118.7		55.0	20.0	220.0	30.0	90.0	0.0
01:52	01:24	152.8	118.9		55.0	20.0	220.0	30.0	90.0	0.0
01:54	01:26	153.0	119.1		55.0	20.0	220.0	30.0	90.0	0.0
01:56	01:27	153.4	119.3		55.0	20.0	220.0	30.0	90.0	0.0
01:57	01:29	153.8	119.8		55.0	20.0	220.0	30.0	90.0	0.0
01:58	01:30	154.3	120.05		55.0	20.0	220.0	30.0	90.0	0.0
01:60	01:32	154.8	120.3		55.0	20.0	220.0	30.0	90.0	0.0
02:01	01:33	155.0	120.8		55.0	20.0	220.0	30.0	90.0	0.0
02:03	01:35	155.2	121.2		55.0	20.0	220.0	30.0	90.0	0.0
02:04	01:36	155.35	121.6		55.0	20.0	220.0	30.0	90.0	0.0
02:06	01:38	155.5	121.8		55.0	20.0	220.0	30.0	90.0	0.0
02:07	01:39	155.75	122.0		55.0	20.0	220.0	30.0	90.0	0.0
02:09	01:41	156.0	122.2		55.0	20.0	220.0	30.0	90.0	0.0
02:11	01:42	156.3	122.43333333		55.0	20.0	220.0	30.0	90.0	0.0
02:12	01:44	156.6	122.66666667		55.0	20.0	220.0	30.0	90.0	0.0
02:13	01:45	156.9	122.9		55.0	20.0	220.0	30.0	90.0	0.0
02:15	01:47	157.1	123.3		55.0	20.0	220.0	30.0	90.0	0.0
02:16	01:48	157.3	123.8		55.0	20.0	220.0	30.0	90.0	0.0
02:18	01:50	157.6	124.03333333		55.0	20.0	220.0	30.0	90.0	0.0
02:19	01:51	157.9	124.26666667		55.0	20.0	220.0	30.0	90.0	0.0
02:21	01:53	157.5	124.5		55.0	20.0	220.0	30.0	90.0	0.0
02:23	01:54	157.9	124.9		55.0	20.0	220.0	30.0	90.0	0.0
02:24	01:56	158.3	125.3		51.66666667	20.0	220.0	30.0	90.0	0.0
02:25	01:57	158.5	125.55		48.33333333	20.0	220.0	30.0	90.0	0.0
02:27	01:59	158.7	125.8		45.0	20.0	220.0	30.0	90.0	0.0
02:28	02:00	158.9	126.3		45.0	20.0	220.0	30.0	90.0	0.0
02:30	02:02	158.65	126.7		45.0	20.0	220.0	30.0	90.0	0.0
02:31	02:03	158.4	127.0		45.0	20.0	220.0	30.0	90.0	0.0
02:33	02:05	158.8	127.3		45.0	20.0	220.0	30.0	90.0	0.0
02:34	02:06	158.8	127.6		45.0	20.0	220.0	30.0	90.0	0.0
02:36	02:08	158.8	127.9		45.0	20.0	220.0	30.0	90.0	0.0
02:37	02:09	158.7	128.06666667		45.0	20.0	220.0	30.0	90.0	0.0
02:39	02:11	158.7	128.23333333		45.0	20.0	220.0	30.0	90.0	0.0
02:40	02:12	158.7	128.4		45.0	20.0	220.0	30.0	90.0	0.0
02:42	02:14	158.4	129.0		45.0	20.0	220.0	30.0	90.0	0.0
02:43	02:15	158.4	129.6		45.0	20.0	220.0	30.0	90.0	0.0
02:45	02:17	158.4	129.75		45.0	20.0	220.0	30.0	90.0	0.0
02:46	02:18	158.3	129.9		45.0	20.0	220.0	30.0	90.0	0.0
02:48	02:20	158.3	130.15		45.0	20.0	220.0	30.0	90.0	0.0
02:49	02:21	158.3	130.4		45.0	20.0	220.0	30.0	90.0	0.0
02:51	02:23	158.5	130.8		45.0	20.0	220.0	30.0	90.0	0.0
02:52	02:24	158.5	131.2		45.0	20.0	220.0	30.0	90.0	0.0
02:54	02:26	158.5	131.5		45.0	20.0	220.0	30.0	90.0	0.0
02:55	02:27	158.5	131.8		45.0	20.0	220.0	30.0	90.0	0.0
02:57	02:29	158.7	132.15		45.0	20.0	220.0	30.0	90.0	0.0
02:58	02:30	158.7	132.5		45.0	20.0	220.0	30.0	90.0	0.0
02:60	02:32	158.7	132.3		45.0	20.0	220.0	30.0	90.0	0.0
03:01	02:33	158.5	132.1		45.0	20.0	220.0	30.0	90.0	0.0
03:03	02:35	158.3	133.0		45.0	20.0	220.0	30.0	90.0	0.0
03:04	02:36	158.1	133.4		45.0	20.0	220.0	30.0	90.0	0.0
03:06	02:38	158.26666667	133.6		45.0	20.0	220.0	30.0	90.0	0.0
03:07	02:39	158.43333333	133.8		45.0	20.0	220.0	30.0	90.0	0.0
03:09	02:41	158.6	134.3		45.0	20.0	220.0	30.0	90.0	0.0
03:10	02:42	158.4	134.6		45.0	20.0	220.0	30.0	90.0	0.0
03:12	02:44	158.2	134.9		45.0	20.0	220.0	30.0	90.0	0.0
03:13	02:45	158.2	135.1		45.0	20.0	220.0	30.0	90.0	0.0
03:15	02:47	158.2	135.3		45.0	20.0	220.0	30.0	90.0	0.0
03:16	02:48	158.2	135.8		45.0	20.0	220.0	30.0	90.0	0.0
03:18	02:50	158.3	136.0		45.0	20.0	220.0	30.0	90.0	0.0
03:19	02:51	158.15	136.2		45.0	20.0	220.0	30.0	90.0	0.0
03:21	02:53	158.0	136.4		45.0	20.0	220.0	30.0	90.0	0.0
03:22	02:54	158.4	136.75		45.0	20.0	220.0	30.0	90.0	0.0
03:24	02:56	158.4	137.1		45.0	20.0	220.0	30.0	90.0	0.0
03:25	02:57	158.4	137.4		43.33333333	20.0	220.0	30.0	90.0	0.0
03:27	02:59	158.2	137.7		41.66666667	20.0	220.0	30.0	90.0	0.0
03:28	03:00	158.0	137.85		40.0	20.0	220.0	30.0	90.0	0.0
03:30	03:02	157.8	138.0		40.0	20.0	220.0	30.0	90.0	0.0
03:32	03:03	157.6	138.4		40.0	20.0	220.0	30.0	90.0	0.0
03:33	03:05	157.75	138.56666667		40.0	20.0	220.0	30.0	90.0	0.0
03:34	03:06	157.9	138.73333333		40.0	20.0	220.0	30.0	90.0	0.0
03:36	03:08	157.6	138.9		40.0	20.0	220.0	30.0	90.0	0.0
03:37	03:09	157.9	139.15		40.0	20.0	220.0	30.0	90.0	0.0
03:39	03:11	157.9	139.4		40.0	20.0	220.0	30.0	90.0	0.0
03:40	03:12	157.9	139.9		40.0	20.0	220.0	30.0	90.0	0.0
03:42	03:14	157.8	140.3		40.0	20.0	220.0	30.0	90.0	0.0
03:43	03:15	157.6	140.65		40.0	20.0	220.0	30.0	90.0	0.0
03:45	03:17	157.4	141.0		40.0	20.0	220.0	30.0	90.0	0.0
03:46	03:18	157.4	141.25		40.0	20.0	220.0	30.0	90.0	0.0
03:48	03:20	157.4	141.5		40.0	20.0	220.0	30.0	90.0	0.0
03:49	03:21	157.2	141.65		40.0	20.0	220.0	30.0	90.0	0.0
03:51	03:23	157.5	141.8		40.0	20.0	220.0	30.0	90.0	0.0
03:52	03:24	157.1	142.2		40.0	20.0	220.0	30.0	90.0	0.0
03:54	03:26	157.3	142.6		40.0	20.0	220.0	30.0	90.0	0.0
03:55	03:27	157.5	142.85		40.0	20.0	220.0	30.0	90.0	0.0
03:57	03:29	157.2	143.1		40.0	20.0	220.0	30.0	90.0	0.0
03:58	03:30	157.2	143.6		40.0	20.0	220.0	30.0	90.0	0.0
04:00	03:32	157.2	143.8		40.0	20.0	220.0	30.0	90.0	0.0
04:01	03:33	157.2	144.0		40.0	20.0	220.0	30.0	90.0	0.0
04:03	03:35	157.1	144.3		40.0	20.0	220.0	30.0	90.0	0.0
04:04	03:36	156.93333333	144.3		40.0	20.0	220.0	30.0	90.0	0.0
04:06	03:38	156.76666667	144.3		40.0	20.0	220.0	30.0	90.0	0.0
04:07	03:39	156.6	144.6		40.0	20.0	220.0	30.0	90.0	0.0
04:09	03:41	156.85	144.9		40.0	20.0	220.0	30.0	90.0	0.0
04:10	03:42	157.1	145.4		40.0	20.0	220.0	30.0	90.0	0.0
04:12	03:44	157.1	145.8		40.0	23.33333333	220.0	30.0	90.0	0.0
04:13	03:45	157.1	145.96666667		40.0	26.66666667	220.0	30.0	90.0	0.0
04:15	03:47	157.0	146.13333333		40.0	30.0	220.0	30.0	90.0	0.0
04:17	03:48	156.85	146.3		40.0	40.0	220.0	30.0	90.0	0.0
04:18	03:49	156.7	146.55		40.0	45.0	220.0	30.0	90.0	0.0
04:19	03:51	156.7	146.8		40.0	42.5	220.0	30.0	90.0	0.0
04:21	03:53	156.7	147.2		40.0	40.0	220.0	30.0	90.0	0.0
04:22	03:54	156.8	147.45		40.0	40.0	220.0	30.0	90.0	0.0
04:24	03:56	156.3	147.7		40.0	40.0	220.0	30.0	90.0	0.0
04:25	03:57	156.3	148.0		40.0	40.0	220.0	30.0	90.0	0.0
04:27	03:59	156.3	148.4		40.0	40.0	220.0	30.0	90.0	0.0
04:28	04:00	156.6	149.0		40.0	40.0	220.0	30.0	90.0	0.0
04:30	04:02	156.6	149.16666667		40.0	40.0	220.0	30.0	90.0	0.0
04:32	04:03	156.6	149.33333333		40.0	40.0	220.0	30.0	90.0	0.0
04:33	04:05	156.4	149.5		40.0	40.0	220.0	30.0	90.0	0.0
04:34	04:06	156.4	149.63333333		40.0	40.0	220.0	30.0	90.0	0.0
04:36	04:08	156.4	149.76666667		40.0	40.0	220.0	30.0	90.0	0.0
04:37	04:09	156.5	149.9		40.0	40.0	220.0	30.0	90.0	0.0
04:39	04:11	156.25	150.3		40.0	40.0	220.0	30.0	90.0	0.0
04:40	04:12	156.0	150.5		40.0	40.0	220.0	30.0	90.0	0.0
04:42	04:14	156.4	150.7		40.0	40.0	220.0	30.0	90.0	0.0
04:43	04:15	156.4	151.0		40.0	40.0	220.0	30.0	90.0	0.0
04:45	04:17	156.4	151.4		40.0	40.0	220.0	30.0	90.0	0.0
04:47	04:18	156.5	151.56666667		40.0	40.0	220.0	30.0	90.0	0.0
04:48	04:20	156.35	151.73333333		40.0	40.0	220.0	30.0	90.0	0.0
04:49	04:21	156.2	151.9		40.0	40.0	220.0	30.0	90.0	0.0
04:51	04:23	155.7	151.9		40.0	40.0	220.0	30.0	90.0	0.0
04:52	04:24	156.4	151.9		40.0	40.0	220.0	30.0	90.0	0.0
04:54	04:26	156.4	152.2		40.0	40.0	220.0	30.0	90.0	0.0
04:56	04:27	156.4	152.9		40.0	40.0	220.0	30.0	90.0	0.0
04:57	04:29	156.7	152.9		40.0	40.0	220.0	30.0	90.0	0.0
04:58	04:30	156.3	152.9		40.0	40.0	220.0	30.0	90.0	0.0
04:60	04:32	156.3	153.2		40.0	40.0	220.0	30.0	90.0	0.0
05:02	04:33	156.3	153.6		40.0	40.0	220.0	30.0	90.0	0.0
05:03	04:35	156.1	154.0		40.0	40.0	220.0	30.0	90.0	0.0
05:04	04:36	156.4	154.1		40.0	40.0	220.0	30.0	90.0	0.0
05:06	04:38	156.4	154.2		40.0	40.0	220.0	30.0	90.0	0.0
05:07	04:39	156.4	154.3		40.0	40.0	220.0	30.0	90.0	0.0
05:09	04:41	156.7	154.8	DRY End	40.0	40.0	220.0	30.0	90.0	0.0
05:10	04:42	156.7	155.3		40.0	40.0	220.0	30.0	90.0	0.0
05:12	04:44	156.7	155.15		40.0	40.0	220.0	30.0	90.0	0.0
05:13	04:45	156.8	155.0		40.0	40.0	220.0	30.0	90.0	0.0
05:15	04:47	156.8	155.6		40.0	40.0	220.0	30.0	90.0	0.0
05:16	04:48	156.8	155.85		40.0	40.0	220.0	30.0	90.0	0.0
05:18	04:50	156.9	156.1		40.0	40.0	220.0	30.0	90.0	0.0
05:19	04:51	156.9	156.45		40.0	40.0	220.0	30.0	90.0	0.0
05:21	04:53	156.9	156.8		40.0	40.0	220.0	30.0	90.0	0.0
05:22	04:54	157.1	156.8		40.0	40.0	220.0	30.0	90.0	0.0
05:24	04:56	157.1	156.8		40.0	40.0	220.0	30.0	90.0	0.0
05:25	04:57	157.1	156.9		40.0	40.0	220.0	30.0	90.0	0.0
05:27	04:59	157.1	157.3		40.0	40.0	220.0	30.0	90.0	0.0
05:28	05:00	156.9	157.5		40.0	40.0	220.0	30.0	90.0	0.0
05:30	05:02	156.9	157.7		40.0	40.0	220.0	30.0	90.0	0.0
05:32	05:03	156.9	157.85		40.0	40.0	220.0	30.0	90.0	0.0
05:33	05:05	157.0	158.0		40.0	40.0	220.0	30.0	90.0	0.0
05:34	05:06	157.0	158.3		40.0	40.0	220.0	30.0	90.0	0.0
05:36	05:08	157.0	158.6		40.0	40.0	220.0	30.0	90.0	0.0
05:37	05:09	157.2	158.9		40.0	40.0	220.0	30.0	90.0	0.0
05:39	05:11	157.35	159.1		40.0	40.0	220.0	30.0	90.0	0.0
05:40	05:12	157.5	159.3		40.0	40.0	220.0	30.0	90.0	0.0
05:42	05:14	157.3	159.5		40.0	40.0	220.0	30.0	90.0	0.0
05:43	05:15	157.1	159.7		40.0	40.0	220.0	30.0	90.0	0.0
05:45	05:17	157.4	159.9		40.0	40.0	220.0	30.0	90.0	0.0
05:46	05:18	157.1	160.1		40.0	40.0	220.0	30.0	90.0	0.0
05:48	05:20	157.25	160.3		40.0	40.0	220.0	30.0	90.0	0.0
05:49	05:21	157.4	160.43333333		40.0	40.0	220.0	30.0	90.0	0.0
05:51	05:23	157.4	160.56666667		40.0	40.0	220.0	30.0	90.0	0.0
05:52	05:24	157.4	160.7		40.0	40.0	220.0	30.0	90.0	0.0
05:54	05:26	157.7	161.2		40.0	40.0	220.0	30.0	90.0	0.0
05:56	05:27	157.7	161.4		40.0	40.0	220.0	30.0	90.0	0.0
05:57	05:29	157.7	161.6		40.0	40.0	220.0	30.0	90.0	0.0
05:59	05:30	157.6	161.75		40.0	40.0	220.0	30.0	90.0	0.0
06:00	05:32	157.6	161.9		40.0	40.0	220.0	30.0	90.0	0.0
06:02	05:33	157.6	162.3		40.0	40.0	220.0	30.0	90.0	0.0
06:03	05:35	157.7	162.5		40.0	40.0	220.0	30.0	90.0	0.0
06:05	05:36	157.7	162.7		40.0	40.0	220.0	30.0	90.0	0.0
06:06	05:38	157.7	162.9		40.0	40.0	220.0	30.0	90.0	0.0
06:07	05:39	157.6	162.9		40.0	40.0	220.0	30.0	90.0	0.0
06:09	05:41	157.85	162.9		40.0	40.0	220.0	30.0	90.0	0.0
06:10	05:42	158.1	163.2		40.0	40.0	220.0	30.0	90.0	0.0
06:12	05:44	157.7	163.8		40.0	40.0	220.0	30.0	90.0	0.0
06:13	05:45	157.85	164.1		40.0	40.0	220.0	30.0	90.0	0.0
06:15	05:47	158.0	164.4		40.0	40.0	220.0	30.0	90.0	0.0
06:16	05:48	158.1	164.1		40.0	40.0	220.0	30.0	90.0	0.0
06:18	05:50	158.2	164.5		40.0	40.0	220.0	30.0	90.0	0.0
06:19	05:51	158.3	164.9		40.0	40.0	220.0	30.0	90.0	0.0
06:21	05:53	158.43333333	165.13333333		40.0	40.0	220.0	30.0	90.0	0.0
06:22	05:54	158.56666667	165.36666667		40.0	40.0	220.0	30.0	90.0	0.0
06:24	05:56	158.7	165.6		40.0	40.0	220.0	30.0	90.0	0.0
06:26	05:57	159.0	166.0		38.33333333	40.0	220.0	30.0	90.0	0.0
06:27	05:59	158.8	166.15		36.66666667	40.0	220.0	30.0	90.0	0.0
06:28	06:00	158.6	166.3		35.0	40.0	220.0	30.0	90.0	0.0
06:30	06:02	158.9	166.56666667		35.0	40.0	220.0	30.0	90.0	0.0
06:31	06:03	158.7	166.83333333		35.0	40.0	220.0	30.0	90.0	0.0
06:33	06:05	158.5	167.1		35.0	40.0	220.0	30.0	90.0	0.0
06:34	06:06	158.6	167.1		35.0	40.0	220.0	30.0	90.0	0.0
06:36	06:08	158.7	167.1		35.0	40.0	220.0	30.0	90.0	0.0
06:37	06:09	158.8	167.3		35.0	40.0	220.0	30.0	90.0	0.0
06:39	06:11	158.66666667	167.7		35.0	40.0	220.0	30.0	90.0	0.0
06:40	06:12	158.53333333	168.0		35.0	40.0	220.0	30.0	90.0	0.0
06:42	06:14	158.4	167.7		35.0	40.0	220.0	30.0	90.0	0.0
06:43	06:15	158.9	168.3		35.0	40.0	220.0	30.0	90.0	0.0
06:45	06:17	158.6	168.3		35.0	40.0	220.0	30.0	90.0	0.0
06:46	06:18	158.6	168.3		35.0	40.0	220.0	30.0	90.0	0.0
06:48	06:20	158.6	168.6		35.0	40.0	220.0	30.0	90.0	0.0
06:49	06:21	158.6	169.0		35.0	40.0	220.0	30.0	90.0	0.0
06:51	06:23	158.7	169.25		35.0	40.0	220.0	30.0	90.0	0.0
06:52	06:24	158.7	169.5		35.0	40.0	220.0	30.0	90.0	0.0
06:54	06:26	158.7	169.7		35.0	40.0	220.0	30.0	90.0	0.0
06:55	06:27	158.7	169.9		35.0	40.0	220.0	30.0	90.0	0.0
06:57	06:29	158.4	169.6		35.0	40.0	220.0	30.0	90.0	0.0
06:58	06:30	158.4	170.2		35.0	40.0	220.0	30.0	90.0	0.0
06:60	06:32	158.4	170.45		35.0	40.0	220.0	30.0	90.0	0.0
07:01	06:33	158.6	170.7		35.0	40.0	220.0	30.0	90.0	0.0
07:03	06:35	158.6	170.93333333		35.0	40.0	220.0	30.0	90.0	0.0
07:04	06:36	158.6	171.16666667		35.0	40.0	220.0	30.0	90.0	0.0
07:06	06:38	158.7	171.4		35.0	40.0	220.0	30.0	90.0	0.0
07:07	06:39	158.7	171.4		35.0	40.0	220.0	30.0	90.0	0.0
07:09	06:41	158.56666667	171.4		35.0	40.0	220.0	30.0	90.0	0.0
07:10	06:42	158.43333333	171.7		35.0	40.0	220.0	30.0	90.0	0.0
07:12	06:44	158.3	172.0		35.0	40.0	220.0	30.0	90.0	0.0
07:13	06:45	158.3	172.3		35.0	40.0	220.0	30.0	90.0	0.0
07:15	06:47	158.3	172.8		35.0	40.0	220.0	30.0	90.0	0.0
07:17	06:48	158.4	173.05		35.0	40.0	220.0	30.0	90.0	0.0
07:18	06:50	158.4	173.3		35.0	40.0	220.0	30.0	90.0	0.0
07:19	06:51	158.4	173.43333333		35.0	40.0	220.0	30.0	90.0	0.0
07:21	06:53	158.3	173.56666667		35.0	40.0	220.0	30.0	90.0	0.0
07:22	06:54	158.0	173.7		35.0	40.0	220.0	30.0	90.0	0.0
07:24	06:56	158.4	173.86666667		35.0	40.0	220.0	30.0	90.0	0.0
07:25	06:57	158.4	174.03333333		35.0	40.0	220.0	30.0	90.0	0.0
07:27	06:58	158.4	174.2		35.0	40.0	220.0	30.0	90.0	0.0
07:28	06:60	158.5	174.35		35.0	40.0	220.0	30.0	90.0	0.0
07:30	07:02	158.5	174.5		35.0	40.0	220.0	30.0	90.0	0.0
07:32	07:03	158.6	174.65		35.0	40.0	220.0	30.0	90.0	0.0
07:33	07:05	158.7	174.8		35.0	40.0	220.0	30.0	90.0	0.0
07:34	07:06	158.8	175.0		35.0	40.0	220.0	30.0	90.0	0.0
07:36	07:08	158.8	175.2		35.0	40.0	220.0	30.0	90.0	0.0
07:38	07:09	158.8	175.4		35.0	40.0	220.0	30.0	90.0	0.0
07:39	07:11	159.0	175.8		35.0	40.0	220.0	30.0	90.0	0.0
07:41	07:12	159.0	176.2		35.0	40.0	220.0	30.0	90.0	0.0
07:42	07:14	159.0	176.33333333		35.0	40.0	220.0	30.0	90.0	0.0
07:44	07:15	158.8	176.46666667		35.0	40.0	220.0	30.0	90.0	0.0
07:45	07:17	159.2	176.6	FCs	35.0	40.0	220.0	30.0	90.0	0.0
07:46	07:18	158.8	176.95		35.0	40.0	220.0	30.0	90.0	0.0
07:48	07:20	159.2	177.3		35.0	40.0	220.0	30.0	90.0	0.0
07:49	07:21	159.35	177.55		35.0	40.0	220.0	30.0	90.0	0.0
07:51	07:23	159.5	177.8		35.0	40.0	220.0	30.0	90.0	0.0
07:52	07:24	159.5	177.8		35.0	40.0	220.0	30.0	90.0	0.0
07:54	07:26	159.5	177.8		35.0	40.0	220.0	30.0	90.0	0.0
07:55	07:27	159.6	177.7		35.0	40.0	220.0	30.0	90.0	0.0
07:57	07:29	159.9	178.3		35.0	40.0	220.0	30.0	90.0	0.0
07:58	07:30	159.9	178.56666667		35.0	40.0	220.0	30.0	90.0	0.0
07:60	07:32	159.9	178.83333333		35.0	40.0	220.0	30.0	90.0	0.0
08:01	07:33	160.2	179.1		35.0	40.0	220.0	30.0	90.0	0.0
08:03	07:34	160.36666667	179.1		35.0	40.0	220.0	30.0	90.0	0.0
08:04	07:36	160.53333333	179.1		35.0	40.0	220.0	30.0	90.0	0.0
08:06	07:38	160.7	179.3		35.0	40.0	220.0	30.0	90.0	0.0
08:08	07:39	160.7	179.53333333		35.0	40.0	220.0	30.0	90.0	0.0
08:09	07:41	160.7	179.76666667		35.0	40.0	220.0	30.0	90.0	0.0
08:10	07:42	160.7	180.0		35.0	40.0	220.0	30.0	90.0	0.0
08:12	07:44	160.7	180.4		35.0	40.0	220.0	30.0	90.0	0.0
08:13	07:45	160.6	180.4		35.0	40.0	220.0	30.0	90.0	0.0
08:15	07:47	160.6	180.53333333		35.0	40.0	220.0	30.0	90.0	0.0
08:16	07:48	160.7	180.66666667		35.0	40.0	220.0	30.0	90.0	0.0
08:18	07:50	160.8	180.8		35.0	40.0	220.0	30.0	90.0	0.0
08:19	07:51	160.9	180.8		35.0	40.0	220.0	30.0	90.0	0.0
08:21	07:53	160.8	180.8		35.0	40.0	220.0	30.0	90.0	0.0
08:22	07:54	160.7	181.1		35.0	40.0	220.0	30.0	90.0	0.0
08:24	07:56	160.6	181.1		35.0	40.0	220.0	30.0	90.0	0.0
08:26	07:57	160.9	181.1		33.33333333	40.0	220.0	30.0	90.0	0.0
08:27	07:59	161.1	181.3		31.66666667	40.0	220.0	30.0	90.0	0.0
08:28	08:00	161.3	181.5		30.0	40.0	220.0	30.0	90.0	0.0
08:30	08:02	161.16666667	181.7		25.0	40.0	220.0	30.0	90.0	0.0
08:31	08:03	161.03333333	181.85		25.0	40.0	220.0	30.0	90.0	0.0
08:33	08:05	160.9	182.0		25.0	40.0	220.0	30.0	90.0	0.0
08:34	08:06	160.3	182.13333333		25.0	40.0	220.0	30.0	90.0	0.0
08:36	08:08	160.8	182.26666667		25.0	40.0	220.0	30.0	90.0	0.0
08:37	08:09	160.5	182.4		25.0	40.0	220.0	30.0	90.0	0.0
08:39	08:11	160.5	182.4		26.66666667	40.0	220.0	30.0	90.0	0.0
08:40	08:12	160.5	182.4		28.33333333	40.0	220.0	30.0	90.0	0.0
08:42	08:14	160.3	182.6		30.0	40.0	220.0	30.0	90.0	0.0
08:44	08:15	159.7	183.0		30.0	40.0	220.0	30.0	90.0	0.0
08:45	08:17	160.0	183.0		30.0	40.0	220.0	30.0	90.0	0.0
08:47	08:18	160.0	183.0		30.0	40.0	220.0	30.0	90.0	0.0
08:48	08:20	160.0	183.1		30.0	40.0	220.0	30.0	90.0	0.0
08:49	08:21	159.9	183.1		30.0	40.0	220.0	30.0	90.0	0.0
08:51	08:23	159.9	183.1		30.0	40.0	220.0	30.0	90.0	0.0
08:52	08:24	159.9	183.3		30.0	40.0	220.0	30.0	90.0	0.0
08:54	08:26	160.0	183.8		30.0	40.0	220.0	30.0	90.0	0.0
08:55	08:27	159.83333333	183.55		30.0	40.0	220.0	30.0	90.0	0.0
08:57	08:29	159.66666667	183.3		30.0	40.0	220.0	30.0	90.0	0.0
08:58	08:30	159.5	183.9		30.0	40.0	220.0	30.0	90.0	0.0
08:60	08:32	159.3	184.15		30.0	40.0	220.0	30.0	90.0	0.0
09:01	08:33	159.1	184.4	DROP	30.0	40.0	220.0	30.0	90.0	0.0
09:03	08:35	158.96666667	184.06666667		30.0	40.0	220.0	30.0	90.0	0.0
09:04	08:36	158.83333333	183.73333333		30.0	40.0	220.0	30.0	90.0	0.0
09:06	08:38	158.7	183.4		30.0	40.0	220.0	30.0	90.0	0.0
09:07	08:39	159.1	182.95		30.0	40.0	220.0	30.0	90.0	0.0
09:09	08:41	159.5	182.5		30.0	40.0	220.0	30.0	90.0	0.0
09:10	08:42	159.2	181.5		30.0	40.0	220.0	30.0	90.0	0.0
09:12	08:44	158.9	180.0		30.0	40.0	220.0	30.0	90.0	0.0
09:13	08:45	158.7	179.2		30.0	40.0	220.0	30.0	90.0	0.0
09:15	08:47	158.5	178.1		30.0	40.0	220.0	30.0	90.0	0.0
09:16	08:48	158.3	177.5		30.0	40.0	220.0	30.0	90.0	0.0
09:18	08:50	158.1	176.4		30.0	40.0	220.0	30.0	90.0	0.0
09:19	08:51	157.9	175.4		30.0	40.0	220.0	30.0	90.0	0.0
09:21	08:53	157.6	174.6		30.0	40.0	220.0	30.0	90.0	0.0
09:22	08:54	157.0	173.6		30.0	40.0	220.0	30.0	90.0	0.0
09:24	08:56	156.5	172.6		30.0	40.0	220.0	30.0	90.0	0.0
09:25	08:57	155.9	172.0		30.0	40.0	220.0	30.0	90.0	0.0
09:27	08:58	155.6	170.7		30.0	40.0	220.0	30.0	90.0	0.0
09:28	09:00	155.3	170.0		30.0	40.0	220.0	30.0	90.0	0.0
09:30	09:02	155.0	169.4		30.0	40.0	220.0	30.0	90.0	0.0
09:31	09:03	154.7	168.3		30.0	40.0	220.0	30.0	90.0	0.0
09:33	09:05	154.3	167.7		30.0	40.0	220.0	30.0	90.0	0.0
09:34	09:06	153.9	167.0		30.0	40.0	220.0	30.0	90.0	0.0
09:36	09:08	153.9	166.6		30.0	40.0	220.0	30.0	90.0	0.0
09:37	09:09	153.9	166.2		30.0	40.0	220.0	30.0	90.0	0.0
09:39	09:10	154.0	165.5		30.0	40.0	220.0	30.0	90.0	0.0
09:41	09:12	154.0	165.0		30.0	40.0	220.0	30.0	90.0	0.0
09:42	09:14	154.0	164.5		30.0	40.0	220.0	30.0	90.0	0.0
09:43	09:15	153.9	164.1		30.0	40.0	220.0	30.0	90.0	0.0
09:45	09:17	153.6	163.8		30.0	40.0	201.66666667	30.0	90.0	0.0
09:46	09:18	153.9	163.5		30.0	40.0	183.33333333	30.0	90.0	0.0
09:48	09:20	154.3	163.1		51.66666667	40.0	165.0	30.0	90.0	0.33333333
09:49	09:21	154.46666667	162.5		73.33333333	40.0	165.0	30.0	90.0	0.66666667
09:51	09:22	154.63333333	162.6		95.0	40.0	165.0	30.0	90.0	1.0
09:52	09:24	154.8	162.7		90.0	40.0	165.0	30.0	90.0	1.0
09:54	09:26	155.9	162.8		85.0	40.0	165.0	30.0	90.0	1.0
09:56	09:27	158.0	163.2		80.0	40.0	165.0	30.0	90.0	1.0
09:57	09:29	158.9	163.5		75.0	40.0	165.0	30.0	90.0	1.0
09:58	09:30	159.9	163.9		70.0	40.0	165.0	30.0	90.0	1.0
09:60	09:32	160.5	163.9		65.0	40.0	165.0	30.0	90.0	1.0
10:01	09:33	161.1	163.9		58.33333333	40.0	165.0	30.0	90.0	1.0
10:03	09:35	161.6	164.1		51.66666667	40.0	165.0	30.0	90.0	1.0
10:04	09:36	162.1	164.6		45.0	40.0	165.0	30.0	90.0	1.0
10:06	09:38	162.6	164.6		40.0	40.0	165.0	30.0	90.0	1.0
10:07	09:39	162.75	164.6		35.0	40.0	165.0	30.0	90.0	1.0
10:09	09:41	162.9	164.7		30.0	33.33333333	165.0	30.0	90.0	1.0
10:10	09:42	162.8	165.1		25.0	26.66666667	165.0	30.0	90.0	1.0
10:12	09:44	162.7	165.1		10.0	20.0	165.0	30.0	90.0	1.0
10:13	09:45	162.6	165.1		25.0	20.0	165.0	30.0	90.0	1.0
10:15	09:47	162.7	165.0		32.5	20.0	165.0	30.0	90.0	1.0
10:16	09:48	162.8	164.6		40.0	20.0	165.0	30.0	90.0	1.0
10:18	09:50	162.9	164.73333333		50.0	20.0	165.0	30.0	90.0	1.0
10:19	09:51	163.1	164.86666667		35.0	20.0	165.0	30.0	90.0	1.0
10:21	09:53	163.3	165.0		25.0	20.0	165.0	30.0	90.0	1.0
10:23	09:54	163.3	165.0		22.5	20.0	165.0	30.0	90.0	1.0
10:24	09:56	163.3	165.0		20.0	20.0	165.0	30.0	90.0	1.0
10:26	09:57	163.5	165.0		25.0	20.0	165.0	30.0	90.0	1.0
10:27	09:59	163.5	164.8		25.0	20.0	165.0	30.0	90.0	1.0
10:28	10:00	163.5	164.8		25.0	20.0	165.0	30.0	90.0	1.0
10:30	10:02	163.4	164.8		26.66666667	20.0	165.0	30.0	90.0	1.0
10:32	10:03	163.4	164.9		28.33333333	20.0	165.0	30.0	90.0	1.0
10:33	10:05	163.4	164.9		30.0	20.0	165.0	30.0	90.0	1.0
10:34	10:06	163.2	164.9		25.0	20.0	165.0	30.0	90.0	1.0
10:36	10:08	163.5	165.0		20.0	20.0	165.0	30.0	90.0	1.0
10:37	10:09	163.5	165.0		15.0	20.0	165.0	30.0	90.0	1.0
10:39	10:10	163.5	165.0		10.0	20.0	165.0	30.0	90.0	1.0
10:40	10:12	163.3	164.9		25.0	20.0	165.0	30.0	90.0	1.0
10:42	10:14	163.3	164.9		25.0	20.0	165.0	30.0	90.0	1.0
10:43	10:15	163.3	164.9		18.33333333	20.0	165.0	30.0	90.0	1.0
10:45	10:17	163.5	165.0		11.66666667	20.0	165.0	30.0	90.0	1.0
10:46	10:18	163.35	165.4		5.0	20.0	165.0	30.0	90.0	1.0
10:48	10:19	163.2	165.2		10.0	20.0	165.0	30.0	90.0	1.0
10:49	10:21	162.7	165.0		25.0	20.0	165.0	30.0	90.0	1.0
10:51	10:22	162.53333333	165.0		10.0	20.0	165.0	30.0	90.0	1.0
10:52	10:24	162.36666667	165.0		25.0	20.0	165.0	30.0	90.0	1.0
10:54	10:26	162.2	165.0		40.0	20.0	165.0	30.0	90.0	1.0
10:55	10:27	162.8	165.2		15.0	20.0	165.0	30.0	90.0	1.0
10:57	10:29	162.7	165.2		25.0	20.0	165.0	30.0	90.0	1.0
10:58	10:30	162.6	165.2		15.0	20.0	165.0	30.0	90.0	1.0
10:60	10:32	162.5	165.0		25.0	20.0	165.0	30.0	90.0	1.0
11:01	10:33	162.4	165.0		20.0	20.0	165.0	30.0	90.0	1.0
11:03	10:34	162.3	165.0		30.0	20.0	165.0	30.0	90.0	1.0
11:04	10:36	162.2	165.0		20.0	20.0	165.0	30.0	90.0	1.0
11:06	10:37	162.2	165.0		15.0	20.0	165.0	30.0	90.0	1.0
11:07	10:39	162.2	165.1		10.0	20.0	165.0	30.0	90.0	1.0
11:09	10:41	162.2	164.4		35.0	20.0	165.0	30.0	90.0	1.0
11:10	10:42	162.2	165.1		27.5	20.0	165.0	30.0	90.0	1.0
11:12	10:43	162.2	165.1		20.0	20.0	165.0	30.0	90.0	1.0
11:13	10:45	162.3	165.1		15.0	20.0	165.0	30.0	90.0	1.0
11:15	10:47	162.3	164.9		30.0	20.0	165.0	30.0	90.0	1.0
11:16	10:48	162.3	164.9		25.0	20.0	165.0	30.0	90.0	1.0
11:18	10:50	162.2	164.9		20.0	20.0	165.0	30.0	90.0	1.0
11:19	10:51	162.2	165.1		15.0	20.0	165.0	30.0	90.0	1.0
11:21	10:52	162.2	165.1		30.0	20.0	165.0	30.0	90.0	1.0
11:22	10:54	162.1	165.1		25.0	20.0	165.0	30.0	90.0	1.0
11:24	10:56	162.1	165.0		20.0	20.0	165.0	30.0	90.0	1.0
11:25	10:57	162.1	165.3		10.0	20.0	165.0	30.0	90.0	1.0
11:27	10:58	161.8	165.0		20.0	20.0	165.0	30.0	90.0	1.0
11:29	11:00	161.8	165.0		15.0	20.0	165.0	30.0	90.0	1.0
11:30	11:02	161.8	165.0		35.0	20.0	165.0	30.0	90.0	1.0
11:31	11:03	161.6	165.1		20.0	20.0	165.0	30.0	90.0	1.0
11:33	11:05	161.6	164.96666667		25.0	20.0	165.0	30.0	90.0	1.0
11:34	11:06	161.6	164.83333333		30.0	20.0	165.0	30.0	90.0	1.0
11:36	11:08	161.7	164.7		35.0	20.0	165.0	30.0	90.0	1.0
11:37	11:09	161.85	165.0		30.0	20.0	165.0	30.0	90.0	1.0
11:39	11:10	162.0	165.3		5.0	20.0	165.0	30.0	90.0	1.0
11:40	11:12	161.7	164.9		15.0	20.0	165.0	30.0	90.0	1.0
