Date:02.07.2026	Unit:C	CHARGE:02:15	TP:02:57	DRYe:06:00	FCs:08:39	FCe:	SCs:	SCe:	DROP:09:44	COOL:12:13	Time:20:40
Time1	Time2	ET	BT	Event	{3}	{0}	SV	AT	{1}	AH
00:00		133.8	148.2		40.0	20.0	149.0	29.0	90.0	0.0
00:01		133.8	148.2		40.0	20.0	149.0	29.0	90.0	0.0
00:03		133.9	147.9		40.0	20.0	149.0	29.0	90.0	0.0
00:05		133.8	148.5		40.0	20.0	149.0	29.0	90.0	0.0
00:06		133.5	148.65		40.0	20.0	149.0	29.0	90.0	0.0
00:07		133.75	148.8		40.0	20.0	149.0	29.0	90.0	0.0
00:09		134.0	148.8		40.0	20.0	149.0	29.0	90.0	0.0
00:10		133.5	148.8		40.0	20.0	149.0	29.0	90.0	0.0
00:12		133.23333333	148.6		40.0	20.0	149.0	29.0	90.0	0.0
00:13		132.96666667	148.6		40.0	20.0	149.0	29.0	90.0	0.0
00:15		132.7	148.6		40.0	20.0	149.0	29.0	90.0	0.0
00:17		132.95	148.5		40.0	20.0	149.0	29.0	90.0	0.0
00:18		133.2	148.63333333		40.0	20.0	149.0	29.0	90.0	0.0
00:20		133.3	148.76666667		40.0	20.0	149.0	29.0	90.0	0.0
00:21		133.4	148.9		40.0	20.0	149.0	29.0	90.0	0.0
00:22		133.5	148.76666667		40.0	20.0	149.0	29.0	90.0	0.0
00:24		133.15	148.63333333		40.0	33.33333333	149.0	29.0	90.0	0.0
00:26		132.8	148.5		40.0	46.66666667	149.0	29.0	90.0	0.0
00:27		132.7	148.7		40.0	60.0	149.0	29.0	90.0	0.0
00:28		132.6	148.9		40.0	60.0	149.0	29.0	90.0	0.0
00:30		132.5	148.6		40.0	60.0	149.0	29.0	90.0	0.0
00:31		132.5	148.6		40.0	60.0	149.0	29.0	90.0	0.0
00:33		132.5	148.6		40.0	60.0	149.33333333	29.0	90.0	0.0
00:35		132.3	148.5		40.0	60.0	149.66666667	29.0	90.0	0.0
00:36		132.8	148.5		40.0	60.0	150.0	29.0	90.0	0.0
00:38		132.65	148.5		40.0	60.0	150.0	29.0	90.0	0.0
00:39		132.5	148.6		40.0	60.0	150.0	29.0	90.0	0.0
00:40		133.0	148.6		40.0	60.0	150.0	29.0	90.0	0.0
00:42		133.25	148.6		40.0	60.0	150.0	29.0	90.0	0.0
00:44		133.5	148.7		40.0	60.0	150.0	29.0	90.0	0.0
00:45		133.63333333	148.85		40.0	60.0	150.0	29.0	90.0	0.0
00:47		133.76666667	149.0		40.0	60.0	150.0	29.0	90.0	0.0
00:48		133.9	149.15		40.0	60.0	150.0	29.0	90.0	0.0
00:50		134.1	149.3		40.0	60.0	150.0	29.0	90.0	0.0
00:51		134.3	149.46666667		40.0	60.0	150.0	29.0	90.0	0.0
00:53		134.5	149.63333333		40.0	60.0	150.0	29.0	90.0	0.0
00:54		134.5	149.8		40.0	60.0	150.0	29.0	90.0	0.0
00:56		134.5	149.5		40.0	60.0	150.0	29.0	90.0	0.0
00:57		134.4	149.6		43.33333333	60.0	150.0	29.0	90.0	0.0
00:59		134.4	149.7		46.66666667	60.0	150.0	29.0	90.0	0.0
01:00		134.4	149.8		50.0	60.0	150.0	29.0	90.0	0.0
01:01		134.3	149.7		50.0	60.0	150.0	29.0	90.0	0.0
01:03		134.3	149.6		50.0	60.0	150.0	29.0	90.0	0.0
01:04		134.3	149.5		50.0	60.0	150.0	29.0	90.0	0.0
01:06		134.5	149.75		50.0	60.0	150.0	29.0	90.0	0.0
01:08		134.5	150.0		50.0	60.0	150.0	29.0	90.0	0.0
01:09		134.5	150.0		50.0	60.0	150.0	29.0	90.0	0.0
01:11		134.6	150.0		50.0	60.0	150.0	29.0	90.0	0.0
01:12		134.33333333	150.1		50.0	60.0	150.0	29.0	90.0	0.0
01:13		134.06666667	149.86666667		50.0	60.0	150.0	29.0	90.0	0.0
01:15		133.8	149.63333333		50.0	60.0	150.0	29.0	90.0	0.0
01:16		133.8	149.4		50.0	60.0	150.0	29.0	90.0	0.0
01:18		133.8	149.53333333		50.0	60.0	150.0	29.0	90.0	0.0
01:20		133.6	149.66666667		50.0	60.0	150.0	29.0	90.0	0.0
01:21		134.1	149.8		50.0	60.0	150.0	29.0	90.0	0.0
01:22		134.4	150.2		50.0	60.0	150.0	29.0	90.0	0.0
01:24		134.1	149.5		50.0	60.0	150.0	29.0	90.0	0.0
01:25		134.1	149.8		50.0	60.0	150.0	29.0	90.0	0.0
01:27		134.1	149.8		50.0	60.0	150.0	29.0	90.0	0.0
01:29		134.0	149.8		50.0	60.0	150.0	29.0	90.0	0.0
01:30		134.3	150.1		50.0	60.0	150.0	29.0	90.0	0.0
01:31		133.8	149.8		50.0	60.0	150.0	29.0	90.0	0.0
01:33		133.8	149.5		50.0	60.0	150.0	29.0	90.0	0.0
01:34		133.8	149.5		50.0	60.0	150.0	29.0	90.0	0.0
01:36		133.9	149.5		50.0	60.0	150.0	29.0	90.0	0.0
01:37		133.9	149.7		50.0	60.0	150.0	29.0	90.0	0.0
01:39		133.9	149.7		50.0	60.0	150.0	29.0	90.0	0.0
01:41		134.0	149.7		50.0	60.0	150.0	29.0	90.0	0.0
01:42		134.3	149.5		50.0	60.0	150.0	29.0	90.0	0.0
01:44		134.7	149.65		50.0	60.0	150.0	29.0	90.0	0.0
01:45		135.0	149.8		50.0	60.0	150.0	29.0	90.0	0.0
01:47		134.7	149.8		50.0	60.0	150.0	29.0	90.0	0.0
01:48		134.7	149.8		50.0	60.0	150.0	29.0	90.0	0.0
01:50		134.7	150.0		50.0	60.0	150.0	29.0	90.0	0.0
01:51		134.5	149.6		50.0	60.0	150.0	29.0	90.0	0.0
01:53		134.3	149.9		50.0	60.0	150.0	29.0	90.0	0.0
01:54		134.1	149.75		50.0	60.0	150.0	29.0	90.0	0.0
01:56		134.4	149.6		50.0	60.0	150.0	29.0	90.0	0.0
01:57		134.1	149.95		50.0	60.0	150.0	29.0	90.0	0.0
01:59		134.7	150.3		50.0	60.0	150.0	29.0	90.0	0.0
02:00		134.5	149.8		50.0	60.0	150.0	29.0	90.0	0.0
02:02		134.3	149.8		50.0	60.0	150.0	29.0	90.0	0.0
02:03		134.3	149.8		50.0	60.0	150.0	29.0	90.0	0.0
02:05		134.3	149.9		50.0	60.0	150.0	29.0	90.0	0.0
02:06		134.1	149.76666667		50.0	60.0	150.0	29.0	90.0	0.0
02:08		134.25	149.63333333		50.0	60.0	150.0	29.0	90.0	0.0
02:09		134.4	149.5		50.0	60.0	150.0	29.0	90.0	0.0
02:11		133.9	149.8		50.0	60.0	150.0	29.0	90.0	0.0
02:12		134.15	149.5		50.0	60.0	150.0	29.0	90.0	0.0
02:13		134.4	149.7		50.0	60.0	150.0	29.0	90.0	0.0
02:15	00:00	134.56666667	149.9	CHARGE	50.0	60.0	150.0	29.0	90.0	0.0
02:17	00:02	134.73333333	148.95		50.0	60.0	150.0	29.0	90.0	0.0
02:18	00:03	134.9	148.0		50.0	60.0	150.0	29.0	90.0	0.0
02:19	00:05	136.9	140.9		50.0	60.0	150.0	29.0	90.0	0.0
02:21	00:06	139.4	135.6		50.0	60.0	150.0	29.0	90.0	0.0
02:23	00:08	141.1	131.0		50.0	60.0	150.0	29.0	90.0	0.0
02:24	00:09	143.6	125.8		50.0	60.0	150.0	29.0	90.0	0.0
02:26	00:11	144.0	122.6		50.0	60.0	150.0	29.0	90.0	0.0
02:27	00:12	144.55	119.8		50.0	60.0	150.0	29.0	90.0	0.0
02:29	00:14	145.1	117.7		50.0	60.0	150.0	29.0	90.0	0.0
02:30	00:15	145.7	115.5		50.0	60.0	150.0	29.0	90.0	0.0
02:32	00:17	146.0	113.3		50.0	60.0	150.0	29.0	90.0	0.0
02:33	00:18	146.3	111.8		50.0	60.0	150.0	29.0	90.0	0.0
02:35	00:20	146.6	110.2		50.0	60.0	150.0	29.0	90.0	0.0
02:36	00:21	146.6	108.6		50.0	60.0	150.0	29.0	90.0	0.0
02:38	00:23	146.6	107.3		50.0	60.0	150.0	29.0	90.0	0.0
02:39	00:24	146.7	105.5		50.0	60.0	150.0	29.0	90.0	0.0
02:41	00:26	147.2	104.8		50.0	60.0	150.0	29.0	90.0	0.0
02:42	00:27	147.5	103.8		50.0	60.0	150.0	29.0	90.0	0.0
02:44	00:29	148.1	103.3		50.0	60.0	150.0	29.0	90.0	0.0
02:45	00:30	148.1	102.6		50.0	60.0	150.0	29.0	90.0	0.0
02:47	00:32	148.1	102.2		50.0	60.0	150.0	29.0	90.0	0.0
02:48	00:33	148.1	101.9		50.0	60.0	150.0	29.0	90.0	0.0
02:50	00:35	148.2	101.6		50.0	60.0	150.0	29.0	90.0	0.0
02:51	00:36	148.2	101.6		50.0	60.0	150.0	29.0	90.0	0.0
02:53	00:38	148.2	101.6		50.0	60.0	150.0	29.0	90.0	0.0
02:54	00:39	148.4	101.3		50.0	60.0	150.0	29.0	90.0	0.0
02:56	00:41	148.4	101.3		50.0	60.0	150.0	29.0	90.0	0.0
02:57	00:42	148.4	101.3	TP	50.0	60.0	150.0	29.0	90.0	0.0
02:59	00:44	148.3	101.5		50.0	60.0	150.0	29.0	90.0	0.0
02:60	00:45	148.3	101.9		50.0	60.0	150.0	29.0	90.0	0.0
03:02	00:47	148.3	102.03333333		50.0	60.0	150.0	29.0	90.0	0.0
03:03	00:48	148.5	102.16666667		50.0	60.0	150.0	29.0	90.0	0.0
03:05	00:50	148.5	102.3		50.0	60.0	150.0	29.0	90.0	0.0
03:06	00:51	148.3	102.8		50.0	60.0	150.0	29.0	90.0	0.0
03:07	00:53	148.1	103.3		50.0	60.0	150.0	29.0	90.0	0.0
03:09	00:54	147.9	103.55		50.0	60.0	150.0	29.0	90.0	0.0
03:11	00:56	148.15	103.8		50.0	60.0	150.0	29.0	90.0	0.0
03:12	00:57	148.4	104.0		50.0	60.0	150.0	29.0	90.0	0.0
03:14	00:59	148.4	104.2		48.33333333	60.0	150.0	29.0	90.0	0.0
03:15	01:00	148.4	104.7		46.66666667	60.0	150.0	29.0	90.0	0.0
03:17	01:02	148.4	105.2		45.0	60.0	150.0	29.0	90.0	0.0
03:18	01:03	148.3	105.6		45.0	60.0	150.0	29.0	90.0	0.0
03:20	01:05	148.1	105.95		45.0	60.0	150.0	29.0	90.0	0.0
03:21	01:06	147.9	106.3		45.0	60.0	150.0	29.0	90.0	0.0
03:23	01:08	147.4	107.3		45.0	60.0	150.0	29.0	90.0	0.0
03:24	01:09	147.4	107.55		45.0	60.0	150.0	29.0	90.0	0.0
03:26	01:11	147.4	107.8		45.0	60.0	150.0	29.0	90.0	0.0
03:27	01:12	147.3	108.15		45.0	60.0	150.0	29.0	90.0	0.0
03:29	01:14	147.15	108.5		45.0	60.0	150.0	29.0	90.0	0.0
03:30	01:15	147.0	109.0		45.0	60.0	150.0	29.0	90.0	0.0
03:32	01:17	147.0	109.4		45.0	60.0	150.0	29.0	90.0	0.0
03:33	01:18	147.0	109.8		45.0	60.0	150.0	29.0	90.0	0.0
03:35	01:20	147.0	110.4		45.0	60.0	150.0	29.0	90.0	0.0
03:36	01:21	146.8	110.8		45.0	60.0	150.0	29.0	90.0	0.0
03:38	01:23	146.8	111.5		45.0	60.0	150.0	29.0	90.0	0.0
03:39	01:24	146.8	111.8		45.0	60.0	150.0	29.0	90.0	0.0
03:41	01:26	146.8	112.1		45.0	60.0	150.0	29.0	90.0	0.0
03:42	01:27	147.0	112.4		45.0	60.0	150.0	29.0	90.0	0.0
03:44	01:29	146.7	112.75		45.0	60.0	150.0	29.0	90.0	0.0
03:45	01:30	146.4	113.1		45.0	60.0	150.0	29.0	90.0	0.0
03:47	01:32	146.1	113.6		45.0	60.0	150.0	29.0	90.0	0.0
03:48	01:33	146.1	113.9		45.0	60.0	150.0	29.0	90.0	0.0
03:50	01:35	146.1	114.2		45.0	60.0	150.0	29.0	90.0	0.0
03:51	01:36	145.9	114.7		45.0	60.0	150.0	29.0	90.0	0.0
03:53	01:38	145.6	115.5		45.0	60.0	150.0	29.0	90.0	0.0
03:54	01:39	145.6	115.75		45.0	60.0	150.0	29.0	90.0	0.0
03:56	01:41	145.6	116.0		45.0	60.0	150.0	29.0	90.0	0.0
03:57	01:42	145.7	116.4		45.0	60.0	150.0	29.0	90.0	0.0
03:59	01:44	145.56666667	116.7		45.0	60.0	150.0	29.0	90.0	0.0
04:00	01:45	145.43333333	117.0		45.0	60.0	150.0	29.0	90.0	0.0
04:02	01:47	145.3	117.7		45.0	60.0	150.0	29.0	90.0	0.0
04:03	01:48	145.0	117.95		45.0	60.0	150.0	29.0	90.0	0.0
04:05	01:50	145.3	118.2		45.0	60.0	150.0	29.0	90.0	0.0
04:06	01:51	145.1	118.9		45.0	60.0	150.0	29.0	90.0	0.0
04:08	01:53	144.9	119.15		45.0	60.0	150.0	29.0	90.0	0.0
04:09	01:54	144.4	119.4		45.0	60.0	150.0	29.0	90.0	0.0
04:11	01:56	144.4	119.9		45.0	60.0	150.0	29.0	90.0	0.0
04:12	01:57	144.4	120.25		45.0	60.0	150.0	29.0	90.0	0.0
04:14	01:59	144.7	120.6		45.0	60.0	150.0	29.0	90.0	0.0
04:15	02:00	144.7	120.9		45.0	60.0	150.0	29.0	90.0	0.0
04:17	02:02	144.7	121.15		45.0	60.0	150.0	29.0	90.0	0.0
04:18	02:03	144.4	121.4		45.0	60.0	150.0	29.0	90.0	0.0
04:20	02:05	144.4	122.1		45.0	60.0	150.0	29.0	90.0	0.0
04:21	02:06	144.4	122.5		45.0	60.0	150.0	29.0	90.0	0.0
04:23	02:08	144.3	122.7		45.0	60.0	150.0	29.0	90.0	0.0
04:24	02:09	144.2	122.9		45.0	60.0	150.0	29.0	90.0	0.0
04:26	02:11	144.1	123.35		45.0	60.0	150.0	29.0	90.0	0.0
04:27	02:12	144.0	123.8		45.0	60.0	150.0	29.0	90.0	0.0
04:29	02:14	144.0	124.05		45.0	60.0	150.0	29.0	90.0	0.0
04:30	02:15	144.0	124.3		45.0	60.0	150.0	29.0	90.0	0.0
04:32	02:17	143.9	124.65		45.0	60.0	150.0	29.0	90.0	0.0
04:33	02:18	143.5	125.0		45.0	60.0	150.0	29.0	90.0	0.0
04:35	02:20	143.5	125.25		45.0	60.0	150.0	29.0	90.0	0.0
04:36	02:21	143.5	125.5		45.0	60.0	150.0	29.0	90.0	0.0
04:38	02:23	143.3	126.2		45.0	60.0	150.0	29.0	90.0	0.0
04:39	02:24	143.3	126.45		45.0	60.0	150.0	29.0	90.0	0.0
04:41	02:26	143.3	126.7		45.0	60.0	150.0	29.0	90.0	0.0
04:42	02:27	143.5	127.2		45.0	60.0	150.0	29.0	90.0	0.0
04:44	02:29	143.5	127.4		45.0	60.0	150.0	29.0	90.0	0.0
04:45	02:30	143.5	127.6		45.0	60.0	150.0	29.0	90.0	0.0
04:47	02:32	143.3	128.1		45.0	60.0	150.0	29.0	90.0	0.0
04:48	02:33	143.0	128.5		45.0	60.0	150.0	29.0	90.0	0.0
04:50	02:35	142.85	128.7		45.0	60.0	150.0	29.0	90.0	0.0
04:51	02:36	142.7	128.9		45.0	60.0	150.0	29.0	90.0	0.0
04:53	02:38	142.83333333	129.1		45.0	60.0	150.0	29.0	90.0	0.0
04:54	02:39	142.96666667	129.4		45.0	60.0	150.0	29.0	90.0	0.0
04:56	02:41	143.1	129.75		45.0	60.0	150.0	29.0	90.0	0.0
04:57	02:42	143.1	130.1		45.0	60.0	150.0	29.0	90.0	0.0
04:59	02:44	143.1	130.6		45.0	60.0	150.0	29.0	90.0	0.0
05:00	02:45	143.1	130.9		45.0	60.0	150.0	29.0	90.0	0.0
05:02	02:47	143.3	131.2		45.0	60.0	150.0	29.0	90.0	0.0
05:03	02:48	143.05	131.6		45.0	60.0	150.0	29.0	90.0	0.0
05:05	02:50	142.8	131.9		45.0	60.0	150.0	29.0	90.0	0.0
05:06	02:51	142.65	132.2		45.0	60.0	150.0	29.0	90.0	0.0
05:08	02:53	142.5	132.6		45.0	60.0	150.0	29.0	90.0	0.0
05:09	02:54	142.9	132.8		45.0	60.0	150.0	29.0	90.0	0.0
05:11	02:56	142.9	133.0		45.0	60.0	150.0	29.0	90.0	0.0
05:12	02:57	142.9	133.3		45.0	60.0	150.0	29.0	90.0	0.0
05:14	02:59	143.0	133.9		45.0	60.0	150.0	29.0	90.0	0.0
05:15	03:00	143.0	134.3		45.0	60.0	150.0	29.0	90.0	0.0
05:17	03:02	143.0	134.6		45.0	60.0	150.0	29.0	90.0	0.0
05:18	03:03	142.9	134.9		45.0	60.0	150.0	29.0	90.0	0.0
05:20	03:05	142.9	135.3		45.0	60.0	150.0	29.0	90.0	0.0
05:21	03:06	142.9	135.55		45.0	60.0	150.0	29.0	90.0	0.0
05:23	03:08	142.9	135.8		45.0	60.0	150.0	29.0	90.0	0.0
05:24	03:09	143.1	136.2		45.0	60.0	150.0	29.0	90.0	0.0
05:26	03:11	143.1	136.5		45.0	60.0	150.0	29.0	90.0	0.0
05:27	03:12	143.1	136.8		45.0	60.0	150.0	29.0	90.0	0.0
05:29	03:14	142.9	136.93333333		45.0	60.0	150.0	29.0	90.0	0.0
05:30	03:15	142.6	137.06666667		45.0	60.0	150.0	29.0	90.0	0.0
05:32	03:17	142.9	137.2		45.0	60.0	150.0	29.0	90.0	0.0
05:33	03:18	142.9	137.7		45.0	60.0	150.0	29.0	90.0	0.0
05:35	03:20	142.9	138.2		45.0	60.0	150.0	29.0	90.0	0.0
05:36	03:21	143.1	138.35		45.0	60.0	150.0	29.0	90.0	0.0
05:38	03:23	143.1	138.5		45.0	60.0	166.66666667	29.0	90.0	0.0
05:39	03:24	143.1	139.0		45.0	60.0	183.33333333	29.0	90.0	0.0
05:41	03:26	143.2	139.2		45.0	60.0	200.0	29.0	90.0	0.0
05:42	03:27	143.2	139.4		45.0	60.0	200.0	29.0	90.0	0.0
05:44	03:29	143.2	139.6		45.0	60.0	200.0	29.0	90.0	0.0
05:45	03:30	143.0	139.8		45.0	60.0	200.0	29.0	90.0	0.0
05:47	03:32	143.15	140.3		45.0	60.0	200.0	29.0	90.0	0.0
05:48	03:33	143.3	140.5		45.0	60.0	200.0	29.0	90.0	0.0
05:50	03:35	143.3	140.7		45.0	60.0	200.0	29.0	90.0	0.0
05:51	03:36	143.3	141.0		45.0	60.0	200.0	29.0	90.0	0.0
05:53	03:38	143.2	141.8		45.0	60.0	200.0	29.0	90.0	0.0
05:54	03:39	143.1	142.0		45.0	60.0	200.0	29.0	90.0	0.0
05:56	03:41	143.0	142.2		45.0	60.0	200.0	29.0	90.0	0.0
05:57	03:42	142.7	142.4		45.0	60.0	200.0	29.0	90.0	0.0
05:59	03:44	142.45	142.6		45.0	60.0	200.0	29.0	90.0	0.0
06:00	03:45	142.2	142.8	DRY End	45.0	60.0	200.0	29.0	90.0	0.0
06:02	03:47	142.7	143.0		45.0	60.0	200.0	29.0	90.0	0.0
06:03	03:48	142.7	143.2		45.0	60.0	200.0	29.0	90.0	0.0
06:05	03:50	142.7	143.8		45.0	60.0	200.0	29.0	90.0	0.0
06:06	03:51	142.9	144.0		45.0	60.0	200.0	29.0	90.0	0.0
06:08	03:53	142.75	144.2		45.0	60.0	200.0	29.0	90.0	0.0
06:09	03:54	142.6	144.4		45.0	60.0	200.0	29.0	90.0	0.0
06:11	03:56	142.8	144.9		45.0	60.0	200.0	29.0	90.0	0.0
06:12	03:57	143.0	145.16666667		45.0	60.0	200.0	29.0	90.0	0.0
06:14	03:59	143.2	145.43333333		45.0	60.0	200.0	29.0	90.0	0.0
06:15	04:00	143.4	145.7		45.0	60.0	200.0	29.0	90.0	0.0
06:17	04:02	143.4	145.95		45.0	60.0	200.0	29.0	90.0	0.0
06:18	04:03	143.4	146.2		45.0	60.0	200.0	29.0	90.0	0.0
06:20	04:05	143.5	146.5		45.0	60.0	200.0	29.0	90.0	0.0
06:21	04:06	143.5	146.65		45.0	60.0	200.0	29.0	90.0	0.0
06:23	04:08	143.5	146.8		45.0	60.0	200.0	29.0	90.0	0.0
06:24	04:09	143.7	147.1		45.0	60.0	200.0	29.0	90.0	0.0
06:26	04:11	143.8	147.4		45.0	60.0	200.0	29.0	90.0	0.0
06:27	04:12	143.9	147.7		45.0	60.0	200.0	29.0	90.0	0.0
06:28	04:14	144.0	148.0		45.0	61.66666667	200.0	29.0	90.0	0.0
06:30	04:15	143.7	148.3		45.0	63.33333333	200.0	29.0	90.0	0.0
06:31	04:17	143.4	148.6		45.0	65.0	200.0	29.0	90.0	0.0
06:33	04:18	143.4	148.9		45.0	65.0	200.0	29.0	90.0	0.0
06:35	04:20	143.4	149.03333333		45.0	65.0	200.0	29.0	90.0	0.0
06:36	04:21	143.3	149.16666667		45.0	65.0	200.0	29.0	90.0	0.0
06:38	04:23	143.3	149.3		45.0	65.0	200.0	29.0	90.0	0.0
06:39	04:24	143.3	150.0		45.0	65.0	200.0	29.0	90.0	0.0
06:41	04:26	143.6	150.25		45.0	65.0	200.0	29.0	90.0	0.0
06:42	04:27	143.7	150.5		45.0	65.0	200.0	29.0	90.0	0.0
06:44	04:29	143.8	150.5		45.0	65.0	200.0	29.0	90.0	0.0
06:45	04:30	143.9	150.5		45.0	65.0	200.0	29.0	90.0	0.0
06:47	04:32	143.9	150.7		45.0	65.0	200.0	29.0	90.0	0.0
06:48	04:33	143.9	151.2		45.0	65.0	200.0	29.0	90.0	0.0
06:50	04:35	144.2	151.45		45.0	65.0	200.0	29.0	90.0	0.0
06:51	04:36	144.2	151.7		45.0	65.0	200.0	29.0	90.0	0.0
06:53	04:38	144.2	151.93333333		45.0	65.0	200.0	29.0	90.0	0.0
06:54	04:39	144.1	152.16666667		45.0	65.0	200.0	29.0	90.0	0.0
06:56	04:41	144.4	152.4		45.0	65.0	200.0	29.0	90.0	0.0
06:57	04:42	144.4	152.66666667		45.0	65.0	200.0	29.0	90.0	0.0
06:59	04:44	144.4	152.93333333		45.0	65.0	200.0	29.0	90.0	0.0
07:00	04:45	144.5	153.2		45.0	65.0	200.0	29.0	90.0	0.0
07:02	04:47	144.9	153.5		45.0	65.0	200.0	29.0	90.0	0.0
07:03	04:48	144.9	153.8		45.0	65.0	200.0	29.0	90.0	0.0
07:05	04:50	144.9	153.93333333		45.0	65.0	200.0	29.0	90.0	0.0
07:06	04:51	144.7	154.06666667		45.0	65.0	200.0	29.0	90.0	0.0
07:08	04:53	144.83333333	154.2		45.0	65.0	200.0	29.0	90.0	0.0
07:09	04:54	144.96666667	154.55		45.0	65.0	200.0	29.0	90.0	0.0
07:11	04:56	145.1	154.9		45.0	65.0	200.0	29.0	90.0	0.0
07:12	04:57	144.85	155.1		45.0	65.0	200.0	29.0	90.0	0.0
07:14	04:59	144.6	155.3		45.0	65.0	200.0	29.0	90.0	0.0
07:15	05:00	144.76666667	155.6		45.0	65.0	200.0	29.0	90.0	0.0
07:17	05:02	144.93333333	155.9		45.0	65.0	200.0	29.0	90.0	0.0
07:18	05:03	145.1	156.16666667		45.0	65.0	200.0	29.0	90.0	0.0
07:20	05:05	144.96666667	156.43333333		45.0	65.0	200.0	29.0	90.0	0.0
07:21	05:06	144.83333333	156.7		45.0	65.0	200.0	29.0	90.0	0.0
07:23	05:08	144.7	156.9		45.0	65.0	200.0	29.0	90.0	0.0
07:24	05:09	144.85	157.1		45.0	65.0	200.0	29.0	90.0	0.0
07:26	05:11	145.0	157.6		45.0	65.0	200.0	29.0	90.0	0.0
07:27	05:12	145.0	157.85		45.0	65.0	200.0	29.0	90.0	0.0
07:29	05:14	145.0	158.1		45.0	65.0	200.0	29.0	90.0	0.0
07:30	05:15	144.8	158.4		45.0	65.0	200.0	29.0	90.0	0.0
07:32	05:17	145.0	158.7		45.0	65.0	200.0	29.0	90.0	0.0
07:33	05:18	145.2	159.0		45.0	65.0	200.0	29.0	90.0	0.0
07:35	05:20	145.5	159.3		45.0	65.0	200.0	29.0	90.0	0.0
07:36	05:21	145.1	159.6		45.0	65.0	200.0	29.0	90.0	0.0
07:38	05:23	145.4	159.8		43.33333333	65.0	200.0	29.0	90.0	0.0
07:39	05:24	145.1	160.0		41.66666667	65.0	200.0	29.0	90.0	0.0
07:41	05:26	145.4	160.2		40.0	65.0	200.0	29.0	90.0	0.0
07:42	05:27	145.0	160.5		35.0	65.0	200.0	29.0	90.0	0.0
07:44	05:29	145.0	160.8		35.0	65.0	200.0	29.0	90.0	0.0
07:45	05:30	145.0	160.93333333		35.0	65.0	200.0	29.0	90.0	0.0
07:47	05:32	145.2	161.06666667		35.0	65.0	200.0	29.0	90.0	0.0
07:48	05:33	144.7	161.2		35.0	65.0	200.0	29.0	90.0	0.0
07:50	05:35	145.0	161.5		35.0	65.0	200.0	29.0	90.0	0.0
07:51	05:36	144.66666667	161.75		35.0	65.0	200.0	29.0	90.0	0.0
07:53	05:38	144.33333333	162.0		35.0	65.0	200.0	29.0	90.0	0.0
07:54	05:39	144.0	162.2		35.0	65.0	200.0	29.0	90.0	0.0
07:56	05:41	144.3	162.4		35.0	65.0	200.0	29.0	90.0	0.0
07:57	05:42	144.3	162.6		35.0	65.0	200.0	29.0	90.0	0.0
07:59	05:44	144.3	162.8		35.0	65.0	200.0	29.0	90.0	0.0
07:60	05:45	144.3	163.0		35.0	65.0	200.0	29.0	90.0	0.0
08:02	05:47	144.4	163.4		35.0	65.0	200.0	29.0	90.0	0.0
08:03	05:48	144.1	163.65		35.0	65.0	200.0	29.0	90.0	0.0
08:04	05:50	144.1	163.9		35.0	65.0	200.0	29.0	90.0	0.0
08:06	05:51	144.1	164.15		35.0	65.0	200.0	29.0	90.0	0.0
08:08	05:53	144.0	164.4		35.0	65.0	200.0	29.0	90.0	0.0
08:09	05:54	144.0	164.6		35.0	65.0	200.0	29.0	90.0	0.0
08:11	05:56	144.0	164.8		35.0	65.0	200.0	29.0	90.0	0.0
08:12	05:57	143.9	165.3		35.0	65.0	200.0	29.0	90.0	0.0
08:14	05:59	143.6	165.3		35.0	65.0	200.0	29.0	90.0	0.0
08:15	06:00	143.2	165.3		35.0	65.0	200.0	29.0	90.0	0.0
08:17	06:02	143.2	165.5		35.0	65.0	200.0	29.0	90.0	0.0
08:18	06:03	143.2	165.75		35.0	65.0	200.0	29.0	90.0	0.0
08:20	06:05	143.3	166.0		35.0	65.0	200.0	29.0	90.0	0.0
08:21	06:06	143.1	166.4		35.0	65.0	200.0	29.0	90.0	0.0
08:23	06:08	142.9	166.6		35.0	66.66666667	200.0	29.0	90.0	0.0
08:24	06:09	142.9	166.8		35.0	68.33333333	200.0	29.0	90.0	0.0
08:26	06:11	142.9	167.2		35.0	70.0	200.0	29.0	90.0	0.0
08:27	06:12	142.7	167.35		35.0	70.0	200.0	29.0	90.0	0.0
08:29	06:14	142.8	167.5		35.0	70.0	200.0	29.0	90.0	0.0
08:30	06:15	142.9	167.2		35.0	70.0	200.0	29.0	90.0	0.0
08:32	06:17	143.0	167.9		35.0	70.0	200.0	29.0	90.0	0.0
08:33	06:18	143.3	168.16666667		35.0	70.0	200.0	29.0	90.0	0.0
08:35	06:20	143.43333333	168.43333333		35.0	70.0	200.0	29.0	90.0	0.0
08:36	06:21	143.56666667	168.7		35.0	70.0	200.0	29.0	90.0	0.0
08:38	06:23	143.7	168.8		35.0	70.0	200.0	29.0	90.0	0.0
08:39	06:24	143.2	168.9	FCs	35.0	70.0	200.0	29.0	90.0	0.0
08:41	06:26	143.2	169.0		35.0	70.0	200.0	29.0	90.0	0.0
08:42	06:27	143.2	169.5		35.0	70.0	200.0	29.0	90.0	0.0
08:44	06:29	143.1	169.9		35.0	70.0	200.0	29.0	90.0	0.0
08:45	06:30	143.1	170.15		35.0	70.0	200.0	29.0	90.0	0.0
08:47	06:32	143.1	170.4		35.0	70.0	200.0	29.0	90.0	0.0
08:48	06:33	143.3	170.6		35.0	70.0	200.0	29.0	90.0	0.0
08:50	06:35	142.8	170.8		35.0	70.0	200.0	29.0	90.0	0.0
08:51	06:36	142.8	170.8		35.0	70.0	200.0	29.0	90.0	0.0
08:53	06:38	142.8	170.8		35.0	70.0	200.0	29.0	90.0	0.0
08:54	06:39	143.0	170.7		35.0	70.0	200.0	29.0	90.0	0.0
08:56	06:41	143.0	171.7		35.0	70.0	200.0	29.0	90.0	0.0
08:57	06:42	143.0	171.85		35.0	70.0	200.0	29.0	90.0	0.0
08:59	06:44	142.9	172.0		35.0	70.0	200.0	29.0	90.0	0.0
09:00	06:45	142.9	172.1		35.0	70.0	200.0	29.0	90.0	0.0
09:02	06:47	143.16666667	172.2		35.0	70.0	200.0	29.0	90.0	0.0
09:03	06:48	143.43333333	172.3		35.0	70.0	200.0	29.0	90.0	0.0
09:05	06:50	143.7	172.7		33.33333333	70.0	200.0	29.0	90.0	0.0
09:06	06:51	143.3	172.7		31.66666667	70.0	200.0	29.0	90.0	0.0
09:08	06:53	143.2	172.7		30.0	70.0	200.0	29.0	90.0	0.0
09:09	06:54	143.1	172.8		25.0	70.0	200.0	29.0	90.0	0.0
09:11	06:56	143.0	173.0		25.0	70.0	200.0	29.0	90.0	0.0
09:12	06:57	142.65	173.2		25.0	70.0	200.0	29.0	90.0	0.0
09:14	06:59	142.3	173.2		25.0	70.0	200.0	29.0	90.0	0.0
09:15	07:00	142.3	173.2		25.0	70.0	200.0	29.0	90.0	0.0
09:17	07:02	142.3	173.0		25.0	70.0	200.0	29.0	90.0	0.0
09:18	07:03	142.6	173.35		25.0	70.0	200.0	29.0	90.0	0.0
09:20	07:05	142.6	173.7		25.0	70.0	200.0	29.0	90.0	0.0
09:21	07:06	142.6	173.7		25.0	70.0	200.0	29.0	90.0	0.0
09:23	07:08	142.3	173.8		25.0	70.0	200.0	29.0	90.0	0.0
09:24	07:09	142.0	173.9		25.0	70.0	200.0	29.0	90.0	0.0
09:26	07:11	141.9	174.0		25.0	70.0	200.0	29.0	90.0	0.0
09:27	07:12	141.8	174.1		25.0	70.0	200.0	29.0	90.0	0.0
09:29	07:14	141.7	174.2		25.0	70.0	200.0	29.0	90.0	0.0
09:30	07:15	141.7	174.3		25.0	70.0	200.0	29.0	90.0	0.0
09:32	07:17	141.7	174.5		25.0	70.0	200.0	29.0	90.0	0.0
09:33	07:18	141.5	174.7		25.0	70.0	200.0	29.0	90.0	0.0
09:35	07:20	141.33333333	174.7		25.0	70.0	200.0	29.0	90.0	0.0
09:36	07:21	141.16666667	174.7		25.0	70.0	200.0	29.0	90.0	0.0
09:38	07:23	141.0	174.5		25.0	70.0	200.0	29.0	90.0	0.0
09:39	07:24	140.85	174.7		25.0	70.0	200.0	29.0	90.0	0.0
09:41	07:26	140.7	174.9		25.0	70.0	200.0	29.0	90.0	0.0
09:42	07:27	140.7	175.06666667		25.0	70.0	200.0	29.0	90.0	0.0
09:44	07:29	140.7	175.23333333	DROP	25.0	70.0	200.0	29.0	90.0	0.0
09:45	07:30	140.5	175.4		25.0	70.0	200.0	29.0	90.0	0.0
09:47	07:32	140.1	175.0		25.0	70.0	200.0	29.0	90.0	0.0
09:48	07:33	140.45	174.6		25.0	70.0	200.0	29.0	90.0	0.0
09:50	07:35	140.8	174.0		25.0	70.0	200.0	29.0	90.0	0.0
09:51	07:36	141.1	173.4		25.0	70.0	200.0	29.0	90.0	0.0
09:53	07:38	141.4	171.6		25.0	70.0	200.0	29.0	90.0	0.0
09:54	07:39	141.4	170.2		25.0	70.0	200.0	29.0	90.0	0.0
09:56	07:41	141.4	169.2		25.0	70.0	200.0	29.0	90.0	0.0
09:57	07:42	141.6	168.2		25.0	70.0	200.0	29.0	90.0	0.0
09:59	07:44	141.3	166.9		25.0	70.0	200.0	29.0	90.0	0.0
10:00	07:45	141.0	165.8		25.0	70.0	200.0	29.0	90.0	0.0
10:02	07:47	140.73333333	164.6		25.0	70.0	200.0	29.0	90.0	0.0
10:03	07:48	140.46666667	163.6		25.0	70.0	200.0	29.0	90.0	0.0
10:05	07:50	140.2	162.5		25.0	70.0	200.0	29.0	90.0	0.0
10:06	07:51	139.6	161.1		25.0	70.0	200.0	29.0	90.0	0.0
10:08	07:53	139.33333333	159.7		25.0	70.0	200.0	29.0	90.0	0.0
10:09	07:54	139.06666667	159.0		25.0	70.0	200.0	29.0	90.0	0.0
10:11	07:56	138.8	158.1		25.0	70.0	200.0	29.0	90.0	0.0
10:12	07:57	138.55	157.4		25.0	70.0	200.0	29.0	90.0	0.0
10:14	07:59	138.3	156.7		25.0	70.0	200.0	29.0	90.0	0.0
10:15	08:00	137.9	155.8		25.0	70.0	200.0	29.0	90.0	0.0
10:17	08:02	137.6	154.9		25.0	70.0	200.0	29.0	90.0	0.0
10:18	08:03	137.35	154.3		25.0	70.0	200.0	29.0	90.0	0.0
10:20	08:05	137.1	153.5		25.0	70.0	200.0	29.0	90.0	0.0
10:21	08:06	136.5	152.3		25.0	70.0	200.0	29.0	90.0	0.0
10:23	08:08	136.25	151.6		25.0	70.0	200.0	29.0	90.0	0.0
10:24	08:09	136.0	151.0		25.0	70.0	200.0	29.0	90.0	0.0
10:26	08:11	135.7	150.6		25.0	70.0	200.0	29.0	90.0	0.0
10:27	08:12	135.4	150.0		25.0	70.0	200.0	29.0	90.0	0.0
10:29	08:14	135.15	149.5		25.0	70.0	200.0	29.0	90.0	0.0
10:30	08:15	134.9	149.0		25.0	70.0	200.0	29.0	90.0	0.0
10:32	08:17	134.6	148.4		25.0	70.0	200.0	29.0	90.0	0.0
10:33	08:18	134.35	147.9		25.0	70.0	200.0	29.0	90.0	0.0
10:35	08:20	134.1	147.6		25.0	70.0	200.0	29.0	90.0	0.0
10:36	08:21	133.86666667	147.1		25.0	70.0	200.0	29.0	90.0	0.0
10:38	08:23	133.63333333	146.4		25.0	70.0	200.0	29.0	90.0	0.0
10:39	08:24	133.4	145.8		25.0	70.0	200.0	29.0	90.0	0.0
10:41	08:26	132.9	145.6		25.0	70.0	200.0	29.0	90.0	0.0
10:42	08:27	132.66666667	145.4		25.0	70.0	200.0	29.0	90.0	0.0
10:44	08:29	132.43333333	144.6		25.0	70.0	200.0	29.0	90.0	0.0
10:45	08:30	132.2	144.3		25.0	70.0	200.0	29.0	90.0	0.0
10:47	08:32	132.2	144.0		25.0	70.0	200.0	29.0	90.0	0.0
10:48	08:33	132.2	143.5		25.0	70.0	200.0	29.0	90.0	0.0
10:50	08:35	131.9	143.1		25.0	70.0	200.0	29.0	90.0	0.0
10:51	08:36	131.5	142.7		25.0	70.0	200.0	29.0	90.0	0.0
10:53	08:38	131.4	142.5		25.0	70.0	200.0	29.0	90.0	0.0
10:54	08:39	131.3	142.3		25.0	70.0	200.0	29.0	90.0	0.0
10:56	08:41	131.2	142.1		25.0	70.0	200.0	29.0	90.0	0.0
10:57	08:42	131.0	141.8		25.0	70.0	200.0	29.0	90.0	0.0
10:59	08:44	130.8	141.5		25.0	70.0	200.0	29.0	90.0	0.0
10:60	08:45	130.5	141.2		25.0	70.0	200.0	29.0	90.0	0.0
11:02	08:47	130.3	140.7		25.0	70.0	200.0	29.0	90.0	0.0
11:03	08:48	130.1	140.4		25.0	70.0	200.0	29.0	90.0	0.0
11:05	08:50	129.75	140.1		25.0	70.0	200.0	29.0	90.0	0.0
11:06	08:51	129.4	139.65		25.0	70.0	200.0	29.0	90.0	0.0
11:08	08:53	129.4	139.2		25.0	70.0	200.0	29.0	90.0	0.0
11:09	08:54	129.4	138.96666667		25.0	70.0	200.0	29.0	90.0	0.0
11:10	08:56	129.3	138.73333333		16.66666667	70.0	200.0	29.0	90.0	0.0
11:12	08:57	129.1	138.5		8.33333333	70.0	200.0	29.0	90.0	0.0
11:14	08:59	128.9	138.3		0.0	70.0	200.0	29.0	90.0	0.0
11:15	09:00	128.6	138.1		0.0	70.0	200.0	29.0	90.0	0.0
11:17	09:02	128.35	137.7		0.0	70.0	200.0	29.0	90.0	0.0
11:18	09:03	128.1	137.45		0.0	70.0	200.0	29.0	90.0	0.0
11:20	09:05	127.93333333	137.2		0.0	70.0	200.0	29.0	90.0	0.0
11:21	09:06	127.76666667	137.06666667		0.0	70.0	200.0	29.0	90.0	0.0
11:23	09:08	127.6	136.93333333		0.0	70.0	200.0	29.0	90.0	0.0
11:24	09:09	127.6	136.8		0.0	70.0	200.0	29.0	90.0	0.0
11:26	09:11	127.6	136.4		0.0	70.0	200.0	29.0	90.0	0.0
11:27	09:12	127.4	136.2		0.0	70.0	200.0	29.0	90.0	0.0
11:29	09:14	127.1	136.0		0.0	70.0	200.0	29.0	90.0	0.0
11:30	09:15	126.8	135.75		0.0	70.0	200.0	29.0	90.0	0.0
11:32	09:17	126.5	135.5		0.0	70.0	200.0	29.0	90.0	0.0
11:33	09:18	126.0	135.3		0.0	70.0	200.0	29.0	90.0	0.0
11:35	09:20	125.8	135.1		0.0	70.0	200.0	29.0	90.0	0.0
11:36	09:21	125.6	134.7		0.0	70.0	200.0	29.0	90.0	0.0
11:38	09:23	125.4	134.5		0.0	70.0	200.0	29.0	90.0	0.0
11:39	09:24	125.4	134.3		0.0	70.0	200.0	29.0	90.0	0.0
11:41	09:26	125.4	134.1		0.0	70.0	200.0	29.0	90.0	0.0
11:42	09:27	125.2	133.75		0.0	70.0	200.0	29.0	90.0	0.0
11:44	09:29	125.2	133.4		0.0	70.0	200.0	29.0	90.0	0.0
11:45	09:30	125.2	133.4		0.0	70.0	200.0	29.0	90.0	0.0
11:47	09:32	124.9	133.4		0.0	70.0	200.0	29.0	90.0	0.0
11:48	09:33	124.65	133.2		0.0	70.0	200.0	29.0	90.0	0.0
11:50	09:35	124.4	132.9		0.0	70.0	200.0	29.0	90.0	0.0
11:51	09:36	124.25	132.6		0.0	70.0	200.0	29.0	90.0	0.0
11:53	09:38	124.1	132.3		0.0	70.0	200.0	29.0	90.0	0.0
11:54	09:39	123.9	132.0		0.0	70.0	200.0	29.0	90.0	0.0
11:56	09:41	123.7	131.83333333		0.0	70.0	200.0	29.0	90.0	0.0
11:57	09:42	123.7	131.66666667		0.0	70.0	200.0	29.0	90.0	0.0
11:59	09:44	123.7	131.5		0.0	70.0	200.0	29.0	90.0	0.0
12:00	09:45	123.6	131.25		0.0	70.0	200.0	29.0	90.0	0.0
12:02	09:47	123.43333333	131.0		0.0	70.0	200.0	29.0	90.0	0.0
12:03	09:48	123.26666667	130.83333333		0.0	70.0	200.0	29.0	90.0	0.0
12:05	09:50	123.1	130.66666667		0.0	70.0	200.0	29.0	90.0	0.0
12:06	09:51	123.1	130.5		0.0	70.0	200.0	29.0	90.0	0.0
12:08	09:53	123.1	130.35		0.0	70.0	200.0	29.0	90.0	0.0
12:09	09:54	123.0	130.2		0.0	70.0	200.0	29.0	90.0	0.0
12:11	09:56	123.0	129.9		0.0	70.0	200.0	29.0	90.0	0.0
12:12	09:57	123.0	129.6		0.0	70.0	200.0	29.0	90.0	0.0
12:13	09:59	122.8	129.6	COOL	0.0	70.0	200.0	29.0	90.0	0.0
12:15	10:00	122.6	129.6		0.0	70.0	200.0	29.0	90.0	0.0
12:17	10:02	122.4	129.4		0.0	70.0	200.0	29.0	90.0	0.0
12:18	10:03	122.4	129.1		0.0	70.0	200.0	29.0	90.0	0.0
12:20	10:05	122.4	128.93333333		0.0	70.0	200.0	29.0	90.0	0.0
12:21	10:06	122.5	128.76666667		0.0	70.0	200.0	29.0	90.0	0.0
12:23	10:08	122.5	128.6		0.0	70.0	200.0	29.0	90.0	0.0
12:24	10:09	122.36666667	128.4		0.0	70.0	200.0	29.0	90.0	0.0
12:26	10:11	122.23333333	128.2		0.0	70.0	200.0	29.0	90.0	0.0
12:27	10:12	122.1	128.0		0.0	70.0	200.0	29.0	90.0	0.0
12:29	10:14	122.4	127.8		0.0	70.0	200.0	29.0	90.0	0.0
12:30	10:15	122.1	127.63333333		0.0	70.0	200.0	29.0	90.0	0.0
12:32	10:17	122.1	127.46666667		0.0	70.0	200.0	29.0	90.0	0.0
12:33	10:18	122.1	127.3		0.0	70.0	200.0	29.0	90.0	0.0
12:35	10:20	122.2	127.3		0.0	70.0	200.0	29.0	90.0	0.0
12:36	10:21	122.0	127.3		0.0	70.0	200.0	29.0	90.0	0.0
12:38	10:23	121.8	127.3		0.0	70.0	200.0	29.0	90.0	0.0
12:39	10:24	121.8	127.3		0.0	70.0	200.0	29.0	90.0	0.0
12:41	10:26	121.8	127.1		0.0	70.0	200.0	29.0	90.0	0.0
12:42	10:27	121.5	126.9		0.0	70.0	200.0	29.0	90.0	0.0
12:44	10:29	121.5	126.7		0.0	70.0	200.0	29.0	90.0	0.0
12:45	10:30	121.5	126.7		0.0	70.0	200.0	29.0	90.0	0.0
12:47	10:32	121.2	126.7		0.0	70.0	200.0	29.0	90.0	0.0
12:48	10:33	121.2	126.5		0.0	70.0	200.0	29.0	90.0	0.0
12:50	10:35	121.2	126.0		0.0	70.0	200.0	29.0	90.0	0.0
12:51	10:36	120.9	125.86666667		0.0	70.0	200.0	29.0	90.0	0.0
12:53	10:38	120.6	125.73333333		0.0	70.0	200.0	29.0	90.0	0.0
12:54	10:39	120.6	125.6		0.0	70.0	200.0	29.0	90.0	0.0
12:56	10:41	120.6	125.6		0.0	70.0	200.0	29.0	90.0	0.0
12:57	10:42	120.3	125.6		0.0	70.0	200.0	29.0	90.0	0.0
12:59	10:44	120.3	125.5		0.0	70.0	200.0	29.0	90.0	0.0
13:00	10:45	120.3	125.1		0.0	70.0	200.0	29.0	90.0	0.0
13:02	10:47	120.1	124.7		0.0	70.0	200.0	29.0	90.0	0.0
13:03	10:48	119.9	124.7		0.0	70.0	200.0	29.0	90.0	0.0
13:05	10:50	119.7	124.7		0.0	70.0	200.0	29.0	90.0	0.0
13:06	10:51	119.56666667	124.6		0.0	70.0	200.0	29.0	90.0	0.0
13:08	10:53	119.43333333	124.4		0.0	70.0	200.0	29.0	90.0	0.0
13:09	10:54	119.3	124.2		0.0	70.0	200.0	29.0	90.0	0.0
13:11	10:56	119.7	124.2		0.0	70.0	200.0	29.0	90.0	0.0
13:12	10:57	119.46666667	124.2		0.0	70.0	200.0	29.0	90.0	0.0
13:14	10:59	119.23333333	124.0		0.0	70.0	200.0	29.0	90.0	0.0
13:15	11:00	119.0	123.75		0.0	70.0	200.0	29.0	90.0	0.0
13:17	11:02	119.0	123.5		0.0	70.0	200.0	29.0	90.0	0.0
13:18	11:03	119.0	123.5		0.0	70.0	200.0	29.0	90.0	0.0
13:20	11:05	119.2	123.5		0.0	70.0	200.0	29.0	90.0	0.0
13:21	11:06	119.0	123.3		0.0	70.0	200.0	29.0	90.0	0.0
13:23	11:08	118.8	123.16666667		0.0	70.0	200.0	29.0	90.0	0.0
13:24	11:09	118.6	123.03333333		0.0	70.0	200.0	29.0	90.0	0.0
13:26	11:11	118.4	122.9		0.0	70.0	200.0	29.0	90.0	0.0
13:27	11:12	118.25	122.75		0.0	70.0	200.0	29.0	90.0	0.0
13:29	11:14	118.1	122.6		0.0	70.0	200.0	29.0	90.0	0.0
13:30	11:15	118.1	122.3		0.0	70.0	200.0	29.0	90.0	0.0
13:32	11:17	118.1	122.0		0.0	70.0	200.0	29.0	90.0	0.0
13:33	11:18	118.0	122.4		0.0	70.0	200.0	29.0	90.0	0.0
13:35	11:20	118.0	122.2		0.0	70.0	200.0	29.0	90.0	0.0
13:36	11:21	117.83333333	122.0		0.0	70.0	200.0	29.0	90.0	0.0
13:38	11:23	117.66666667	121.5		0.0	70.0	200.0	29.0	90.0	0.0
13:39	11:24	117.5	121.5		0.0	70.0	200.0	29.0	90.0	0.0
13:41	11:26	117.33333333	121.5		0.0	70.0	200.0	29.0	90.0	0.0
13:42	11:27	117.16666667	121.4		0.0	70.0	200.0	29.0	90.0	0.0
13:44	11:29	117.0	120.7		0.0	70.0	200.0	29.0	90.0	0.0
13:45	11:30	117.0	120.5		0.0	70.0	200.0	29.0	90.0	0.0
13:47	11:32	117.0	120.3		0.0	70.0	200.0	29.0	90.0	0.0
13:48	11:33	116.9	120.1		0.0	70.0	200.0	29.0	90.0	0.0
13:50	11:35	116.75	119.96666667		0.0	70.0	200.0	29.0	90.0	0.0
13:51	11:36	116.6	119.83333333		0.0	70.0	200.0	29.0	90.0	0.0
13:53	11:38	116.4	119.7		0.0	70.0	200.0	29.0	90.0	0.0
13:54	11:39	116.2	119.3		0.0	70.0	200.0	29.0	90.0	0.0
13:56	11:41	116.0	118.9		0.0	70.0	200.0	29.0	90.0	0.0
13:57	11:42	116.0	118.5		0.0	70.0	200.0	29.0	90.0	0.0
13:59	11:44	116.0	118.1		0.0	70.0	200.0	29.0	90.0	0.0
14:00	11:45	116.0	118.1		0.0	70.0	200.0	29.0	90.0	0.0
14:02	11:47	116.1	118.1		0.0	70.0	200.0	29.0	90.0	0.0
14:03	11:48	116.1	117.9		0.0	70.0	200.0	29.0	90.0	0.0
14:05	11:50	116.1	117.5		0.0	70.0	200.0	29.0	90.0	0.0
14:06	11:51	115.9	117.5		0.0	70.0	200.0	29.0	90.0	0.0
14:08	11:53	115.6	117.5		0.0	70.0	200.0	29.0	90.0	0.0
14:09	11:54	115.3	117.8		0.0	70.0	200.0	29.0	90.0	0.0
14:11	11:56	115.0	117.4		0.0	70.0	200.0	29.0	90.0	0.0
14:12	11:57	115.0	117.0		0.0	70.0	200.0	29.0	90.0	0.0
14:14	11:59	115.0	116.6		0.0	70.0	200.0	29.0	90.0	0.0
14:15	12:00	114.8	117.1		0.0	70.0	200.0	29.0	90.0	0.0
14:17	12:02	114.8	116.96666667		0.0	70.0	200.0	29.0	90.0	0.0
14:18	12:03	114.8	116.83333333		0.0	70.0	200.0	29.0	90.0	0.0
14:20	12:05	114.6	116.7		0.0	70.0	200.0	29.0	90.0	0.0
14:21	12:06	114.2	116.0		0.0	70.0	200.0	29.0	90.0	0.0
14:23	12:08	113.8	116.25		0.0	70.0	200.0	29.0	90.0	0.0
14:24	12:09	114.2	116.5		0.0	70.0	200.0	29.0	90.0	0.0
14:26	12:11	114.2	116.05		0.0	70.0	200.0	29.0	90.0	0.0
14:27	12:12	114.2	115.6		0.0	70.0	200.0	29.0	90.0	0.0
14:29	12:14	114.0	115.35		0.0	70.0	200.0	29.0	90.0	0.0
14:30	12:15	114.0	115.1		0.0	70.0	200.0	29.0	90.0	0.0
14:32	12:17	114.0	114.96666667		0.0	70.0	200.0	29.0	90.0	0.0
14:33	12:18	113.8	114.83333333		0.0	70.0	200.0	29.0	90.0	0.0
14:35	12:20	113.55	114.7		0.0	70.0	200.0	29.0	90.0	0.0
14:36	12:21	113.3	114.9		0.0	70.0	200.0	29.0	90.0	0.0
14:38	12:23	113.3	115.1		0.0	70.0	200.0	29.0	90.0	0.0
14:39	12:24	113.3	114.8		0.0	70.0	200.0	29.0	90.0	0.0
14:41	12:26	113.3	114.5		0.0	70.0	200.0	29.0	90.0	0.0
14:42	12:27	113.1	114.0		0.0	70.0	200.0	29.0	90.0	0.0
14:44	12:29	112.93333333	114.0		0.0	70.0	200.0	29.0	90.0	0.0
14:45	12:30	112.76666667	114.0		0.0	70.0	200.0	29.0	90.0	0.0
14:47	12:32	112.6	113.7		0.0	70.0	200.0	29.0	90.0	0.0
14:48	12:33	112.6	113.5		0.0	70.0	200.0	29.0	90.0	0.0
14:50	12:35	112.6	113.3		0.0	70.0	200.0	29.0	90.0	0.0
14:51	12:36	112.4	113.1		0.0	70.0	200.0	29.0	90.0	0.0
14:53	12:38	112.4	112.9		0.0	70.0	200.0	29.0	90.0	0.0
14:54	12:39	112.4	112.7		0.0	70.0	200.0	29.0	90.0	0.0
14:56	12:41	112.2	112.7		0.0	70.0	200.0	29.0	90.0	0.0
14:57	12:42	112.2	112.7		0.0	70.0	200.0	29.0	90.0	0.0
14:59	12:44	112.2	112.6		0.0	70.0	200.0	29.0	90.0	0.0
15:00	12:45	111.9	112.3		0.0	70.0	200.0	29.0	90.0	0.0
15:02	12:47	111.75	112.0		0.0	70.0	200.0	29.0	90.0	0.0
15:03	12:48	111.6	111.5		0.0	70.0	200.0	29.0	90.0	0.0
15:05	12:50	111.6	111.1		0.0	70.0	200.0	29.0	90.0	0.0
15:06	12:51	111.6	110.7		0.0	70.0	200.0	29.0	90.0	0.0
15:08	12:53	111.3	111.2		0.0	70.0	200.0	29.0	90.0	0.0
15:09	12:54	111.3	111.2		0.0	70.0	200.0	29.0	90.0	0.0
15:11	12:56	111.3	111.2		0.0	70.0	200.0	29.0	90.0	0.0
15:12	12:57	111.1	110.9		0.0	70.0	200.0	29.0	90.0	0.0
15:14	12:59	111.1	110.3		0.0	70.0	200.0	29.0	90.0	0.0
15:15	13:00	111.1	110.3		0.0	70.0	200.0	29.0	90.0	0.0
15:17	13:02	111.3	110.3		0.0	70.0	200.0	29.0	90.0	0.0
15:18	13:03	111.16666667	110.1		0.0	70.0	200.0	29.0	90.0	0.0
15:20	13:05	111.03333333	110.4		0.0	70.0	200.0	29.0	90.0	0.0
15:21	13:06	110.9	110.4		0.0	70.0	200.0	29.0	90.0	0.0
15:23	13:08	110.0	110.4		0.0	70.0	200.0	29.0	90.0	0.0
15:24	13:09	110.5	110.2		0.0	70.0	200.0	29.0	90.0	0.0
15:26	13:11	110.33333333	109.8		0.0	70.0	200.0	29.0	90.0	0.0
15:27	13:12	110.16666667	109.4		0.0	70.0	200.0	29.0	90.0	0.0
15:29	13:14	110.0	109.0		0.0	70.0	200.0	29.0	90.0	0.0
15:30	13:15	109.86666667	108.6		0.0	70.0	200.0	29.0	90.0	0.0
15:32	13:17	109.73333333	107.7		0.0	70.0	200.0	29.0	90.0	0.0
15:33	13:18	109.6	108.3		0.0	70.0	200.0	29.0	90.0	0.0
15:35	13:20	109.6	108.3		0.0	70.0	200.0	29.0	90.0	0.0
15:36	13:21	109.6	108.3		0.0	70.0	200.0	29.0	90.0	0.0
15:38	13:23	109.5	108.1		0.0	70.0	200.0	29.0	90.0	0.0
15:39	13:24	109.5	107.7		0.0	70.0	200.0	29.0	90.0	0.0
15:41	13:26	109.5	107.7		0.0	70.0	200.0	29.0	90.0	0.0
15:42	13:27	109.3	107.7		0.0	70.0	200.0	29.0	90.0	0.0
15:44	13:29	109.3	107.6		0.0	70.0	200.0	29.0	90.0	0.0
15:45	13:30	109.3	107.23333333		0.0	70.0	200.0	29.0	90.0	0.0
15:47	13:32	109.0	106.86666667		0.0	70.0	200.0	29.0	90.0	0.0
15:48	13:33	108.83333333	106.5		0.0	70.0	200.0	29.0	90.0	0.0
15:50	13:35	108.66666667	106.1		0.0	70.0	200.0	29.0	90.0	0.0
15:51	13:36	108.5	106.1		0.0	70.0	200.0	29.0	90.0	0.0
15:53	13:38	108.9	106.1		0.0	70.0	200.0	29.0	90.0	0.0
15:54	13:39	108.3	105.9		0.0	70.0	200.0	29.0	90.0	0.0
15:56	13:41	108.3	105.9		0.0	70.0	200.0	29.0	90.0	0.0
15:57	13:42	108.3	105.9		0.0	70.0	200.0	29.0	90.0	0.0
15:59	13:44	108.4	106.0		0.0	70.0	200.0	29.0	90.0	0.0
15:60	13:45	108.0	106.0		0.0	70.0	200.0	29.0	90.0	0.0
16:02	13:47	108.0	106.0		0.0	70.0	200.0	29.0	90.0	0.0
16:03	13:48	108.0	105.7		0.0	70.0	200.0	29.0	90.0	0.0
16:05	13:50	108.3	105.2		0.0	70.0	200.0	29.0	90.0	0.0
16:06	13:51	107.7	105.2		0.0	70.0	200.0	29.0	90.0	0.0
16:08	13:53	107.7	105.2		0.0	70.0	200.0	29.0	90.0	0.0
16:09	13:54	107.7	105.0		0.0	70.0	200.0	29.0	90.0	0.0
16:11	13:56	107.8	105.0		0.0	70.0	200.0	29.0	90.0	0.0
16:12	13:57	107.2	105.0		0.0	70.0	200.0	29.0	90.0	0.0
16:14	13:59	107.2	104.8		0.0	70.0	200.0	29.0	90.0	0.0
16:15	14:00	107.2	104.4		0.0	70.0	200.0	29.0	90.0	0.0
16:17	14:02	107.1	104.0		0.0	70.0	200.0	29.0	90.0	0.0
16:18	14:03	106.9	104.0		0.0	70.0	200.0	29.0	90.0	0.0
16:20	14:05	106.7	104.0		0.0	70.0	200.0	29.0	90.0	0.0
16:21	14:06	106.7	104.2		0.0	70.0	200.0	29.0	90.0	0.0
16:23	14:08	106.7	103.7		0.0	70.0	200.0	29.0	90.0	0.0
16:24	14:09	106.5	103.5		0.0	70.0	200.0	29.0	90.0	0.0
16:26	14:11	106.5	103.3		0.0	70.0	200.0	29.0	90.0	0.0
16:27	14:12	106.5	103.1		0.0	70.0	200.0	29.0	90.0	0.0
16:29	14:14	106.5	102.93333333		0.0	70.0	200.0	29.0	90.0	0.0
16:30	14:15	106.4	102.76666667		0.0	70.0	200.0	29.0	90.0	0.0
16:32	14:17	106.23333333	102.6		0.0	70.0	200.0	29.0	90.0	0.0
16:33	14:18	106.06666667	102.2		0.0	70.0	200.0	29.0	90.0	0.0
16:35	14:20	105.9	102.2		0.0	70.0	200.0	29.0	90.0	0.0
16:36	14:21	105.9	102.2		0.0	70.0	200.0	29.0	90.0	0.0
16:38	14:23	105.9	102.1		0.0	70.0	200.0	29.0	90.0	0.0
16:39	14:24	105.9	102.1		0.0	70.0	200.0	29.0	90.0	0.0
16:41	14:26	106.0	102.1		0.0	70.0	200.0	29.0	90.0	0.0
16:42	14:27	105.86666667	102.3		0.0	70.0	200.0	29.0	90.0	0.0
16:44	14:29	105.73333333	101.8		0.0	70.0	200.0	29.0	90.0	0.0
16:45	14:30	105.6	101.8		0.0	70.0	200.0	29.0	90.0	0.0
16:47	14:32	105.6	101.8		0.0	70.0	200.0	29.0	90.0	0.0
16:48	14:33	105.6	101.5		0.0	70.0	200.0	29.0	90.0	0.0
16:50	14:35	105.5	101.2		0.0	70.0	200.0	29.0	90.0	0.0
16:51	14:36	105.5	100.9		0.0	70.0	200.0	29.0	90.0	0.0
16:53	14:38	105.5	100.65		0.0	70.0	200.0	29.0	90.0	0.0
16:54	14:39	105.4	100.4		0.0	70.0	200.0	29.0	90.0	0.0
16:56	14:41	105.3	100.4		0.0	70.0	200.0	29.0	90.0	0.0
16:57	14:42	105.2	100.4		0.0	70.0	200.0	29.0	90.0	0.0
16:59	14:44	105.1	100.7		0.0	70.0	200.0	29.0	90.0	0.0
17:00	14:45	104.6	100.5		0.0	70.0	200.0	29.0	90.0	0.0
17:02	14:47	104.6	100.3		0.0	70.0	200.0	29.0	90.0	0.0
17:03	14:48	104.6	100.3		0.0	70.0	200.0	29.0	90.0	0.0
17:05	14:50	104.7	100.3		0.0	70.0	200.0	29.0	90.0	0.0
17:06	14:51	104.45	100.0		0.0	70.0	200.0	29.0	90.0	0.0
17:08	14:53	104.2	100.0		0.0	70.0	200.0	29.0	90.0	0.0
17:09	14:54	104.2	100.0		0.0	70.0	200.0	29.0	90.0	0.0
17:11	14:56	104.2	99.8		0.0	70.0	200.0	29.0	90.0	0.0
17:12	14:57	104.1	99.8		0.0	70.0	200.0	29.0	90.0	0.0
17:14	14:59	104.3	99.8		0.0	70.0	200.0	29.0	90.0	0.0
17:15	15:00	104.5	99.5		0.0	70.0	200.0	29.0	90.0	0.0
17:17	15:02	104.1	99.3		0.0	70.0	200.0	29.0	90.0	0.0
17:18	15:03	103.75	99.1		0.0	70.0	200.0	29.0	90.0	0.0
17:20	15:05	103.4	98.8		0.0	70.0	200.0	29.0	90.0	0.0
17:21	15:06	103.4	98.5		0.0	70.0	200.0	29.0	90.0	0.0
17:23	15:08	103.4	98.5		0.0	70.0	200.0	29.0	90.0	0.0
17:24	15:09	103.7	98.5		0.0	70.0	200.0	29.0	90.0	0.0
17:26	15:11	103.7	98.3		0.0	70.0	200.0	29.0	90.0	0.0
17:27	15:12	103.7	98.3		0.0	70.0	200.0	29.0	90.0	0.0
17:29	15:14	103.8	98.3		0.0	70.0	200.0	29.0	90.0	0.0
17:30	15:15	103.0	98.3		0.0	70.0	200.0	29.0	90.0	0.0
17:32	15:17	102.8	98.1		0.0	70.0	200.0	29.0	90.0	0.0
17:33	15:18	102.6	98.1		0.0	70.0	200.0	29.0	90.0	0.0
17:35	15:20	103.0	98.1		0.0	70.0	200.0	29.0	90.0	0.0
17:36	15:21	103.0	98.1		0.0	70.0	200.0	29.0	90.0	0.0
17:38	15:23	103.0	98.0		0.0	70.0	200.0	29.0	90.0	0.0
17:39	15:24	103.1	98.0		0.0	70.0	200.0	29.0	90.0	0.0
17:41	15:26	103.1	98.0		0.0	70.0	200.0	29.0	90.0	0.0
17:42	15:27	102.96666667	97.8		0.0	70.0	200.0	29.0	90.0	0.0
17:44	15:29	102.83333333	97.8		0.0	70.0	200.0	29.0	90.0	0.0
17:45	15:30	102.7	97.8		0.0	70.0	200.0	29.0	90.0	0.0
17:47	15:32	102.56666667	97.5		0.0	70.0	200.0	29.0	90.0	0.0
17:48	15:33	102.43333333	97.5		0.0	70.0	200.0	29.0	90.0	0.0
17:50	15:35	102.3	97.5		0.0	70.0	200.0	29.0	90.0	0.0
17:51	15:36	101.8	97.2		0.0	70.0	200.0	29.0	90.0	0.0
17:53	15:38	101.93333333	97.0		0.0	70.0	200.0	29.0	90.0	0.0
17:54	15:39	102.06666667	96.8		0.0	70.0	200.0	29.0	90.0	0.0
17:56	15:41	102.2	97.0		0.0	70.0	200.0	29.0	90.0	0.0
17:57	15:42	101.8	97.2		0.0	70.0	200.0	29.0	90.0	0.0
17:59	15:44	101.6	96.95		0.0	70.0	200.0	29.0	90.0	0.0
18:00	15:45	101.4	96.7		0.0	70.0	200.0	29.0	90.0	0.0
18:02	15:47	101.4	96.7		0.0	70.0	200.0	29.0	90.0	0.0
18:03	15:48	101.4	96.5		0.0	70.0	200.0	29.0	90.0	0.0
18:05	15:50	101.4	96.3		0.0	70.0	200.0	29.0	90.0	0.0
18:06	15:51	101.5	96.1		0.0	70.0	200.0	29.0	90.0	0.0
18:08	15:53	101.3	96.1		0.0	70.0	200.0	29.0	90.0	0.0
18:09	15:54	101.1	96.1		0.0	70.0	200.0	29.0	90.0	0.0
18:11	15:56	100.9	95.8		0.0	70.0	200.0	29.0	90.0	0.0
18:12	15:57	100.9	95.8		0.0	70.0	200.0	29.0	90.0	0.0
18:14	15:59	100.9	95.8		0.0	70.0	200.0	29.0	90.0	0.0
18:15	16:00	101.1	95.5		0.0	70.0	200.0	29.0	90.0	0.0
18:17	16:02	101.1	95.3		0.0	70.0	200.0	29.0	90.0	0.0
18:18	16:03	101.1	95.1		0.0	70.0	200.0	29.0	90.0	0.0
18:20	16:05	100.8	95.36666667		0.0	70.0	200.0	29.0	90.0	0.0
18:21	16:06	101.3	95.63333333		0.0	70.0	200.0	29.0	90.0	0.0
18:23	16:08	101.0	95.9		0.0	70.0	200.0	29.0	90.0	0.0
18:24	16:09	100.7	96.3		0.0	70.0	200.0	29.0	90.0	0.0
18:26	16:11	100.4	97.1		0.0	70.0	200.0	29.0	90.0	0.0
18:27	16:12	99.5	97.25		0.0	70.0	200.0	29.0	90.0	0.0
18:29	16:14	98.5	97.4		0.0	70.0	200.0	29.0	90.0	0.0
18:30	16:15	97.5	97.7		0.0	70.0	200.0	29.0	90.0	0.0
18:32	16:17	97.2	98.0		0.0	70.0	200.0	29.0	90.0	0.0
18:33	16:18	96.9	98.13333333		0.0	70.0	200.0	29.0	90.0	0.0
18:35	16:20	96.2	98.26666667		0.0	70.0	200.0	29.0	90.0	0.0
18:36	16:21	96.2	98.4		0.0	70.0	200.0	29.0	90.0	0.0
18:38	16:23	96.2	98.4		0.0	70.0	200.0	29.0	90.0	0.0
18:39	16:24	96.0	98.4		0.0	70.0	200.0	29.0	90.0	0.0
18:41	16:26	95.6	98.3		0.0	70.0	200.0	29.0	90.0	0.0
18:42	16:27	95.2	98.7		0.0	70.0	200.0	29.0	90.0	0.0
18:44	16:29	95.6	98.2		0.0	70.0	200.0	29.0	90.0	0.0
18:45	16:30	96.0	97.7		0.0	70.0	200.0	29.0	90.0	0.0
18:47	16:32	96.4	97.3		0.0	70.0	200.0	29.0	90.0	0.0
18:48	16:33	96.8	96.8		0.0	70.0	200.0	29.0	90.0	0.0
18:50	16:35	97.3	96.4		0.0	70.0	200.0	29.0	90.0	0.0
18:51	16:36	96.9	96.0		0.0	70.0	200.0	29.0	90.0	0.0
18:53	16:38	97.5	95.8		0.0	70.0	200.0	29.0	90.0	0.0
18:54	16:39	97.5	95.6		0.0	70.0	200.0	29.0	90.0	0.0
18:56	16:41	97.5	95.2		0.0	70.0	200.0	29.0	90.0	0.0
18:57	16:42	97.5	94.95		0.0	70.0	200.0	29.0	90.0	0.0
18:59	16:44	97.2	94.7		0.0	70.0	200.0	29.0	90.0	0.0
19:00	16:45	97.45	94.43333333		0.0	70.0	200.0	29.0	90.0	0.0
19:02	16:47	97.7	94.16666667		0.0	70.0	200.0	29.0	90.0	0.0
19:03	16:48	97.7	93.9		0.0	70.0	200.0	29.0	90.0	0.0
19:05	16:50	97.7	93.6		0.0	70.0	200.0	29.0	90.0	0.0
19:06	16:51	97.8	93.6		0.0	70.0	200.0	29.0	90.0	0.0
19:08	16:53	97.55	93.6		0.0	70.0	200.0	29.0	90.0	0.0
19:09	16:54	97.3	93.5		0.0	70.0	200.0	29.0	90.0	0.0
19:11	16:56	97.8	93.1		0.0	70.0	200.0	29.0	90.0	0.0
19:12	16:57	97.6	93.25		0.0	70.0	200.0	29.0	90.0	0.0
19:14	16:59	97.4	93.4		0.0	70.0	200.0	29.0	90.0	0.0
19:15	17:00	98.0	93.6		0.0	70.0	200.0	29.0	90.0	0.0
19:17	17:02	98.0	93.8		0.0	70.0	200.0	29.0	90.0	0.0
19:18	17:03	98.0	93.3		0.0	70.0	200.0	29.0	90.0	0.0
19:20	17:05	98.1	93.7		0.0	70.0	200.0	29.0	90.0	0.0
19:21	17:06	97.85	93.7		0.0	70.0	200.0	29.0	90.0	0.0
19:23	17:08	97.6	93.7		0.0	70.0	200.0	29.0	90.0	0.0
19:24	17:09	97.46666667	93.7		0.0	70.0	200.0	29.0	90.0	0.0
19:26	17:11	97.33333333	93.5		0.0	70.0	200.0	29.0	90.0	0.0
19:27	17:12	97.2	93.5		0.0	70.0	200.0	29.0	90.0	0.0
19:29	17:14	97.7	93.5		0.0	70.0	200.0	29.0	90.0	0.0
19:30	17:15	97.43333333	93.3		0.0	70.0	200.0	29.0	90.0	0.0
19:32	17:17	97.16666667	93.3		0.0	70.0	200.0	29.0	90.0	0.0
19:33	17:18	96.9	93.3		0.0	70.0	200.0	29.0	90.0	0.0
19:35	17:20	96.9	93.1		0.0	70.0	200.0	29.0	90.0	0.0
19:36	17:21	96.9	93.4		0.0	70.0	200.0	29.0	90.0	0.0
19:38	17:23	97.2	93.0		0.0	70.0	200.0	29.0	90.0	0.0
19:39	17:24	96.9	93.0		0.0	70.0	200.0	29.0	90.0	0.0
19:41	17:26	96.6	93.0		0.0	70.0	200.0	29.0	90.0	0.0
19:42	17:27	96.9	92.8		0.0	70.0	200.0	29.0	90.0	0.0
19:44	17:29	96.6	92.8		0.0	70.0	200.0	29.0	90.0	0.0
19:45	17:30	96.7	92.8		0.0	70.0	200.0	29.0	90.0	0.0
19:47	17:32	96.8	92.7		0.0	70.0	200.0	29.0	90.0	0.0
19:48	17:33	96.9	92.7		0.0	70.0	200.0	29.0	90.0	0.0
19:50	17:35	96.8	92.7		0.0	70.0	200.0	29.0	90.0	0.0
19:51	17:36	96.7	92.8		0.0	70.0	200.0	29.0	90.0	0.0
19:53	17:38	96.6	92.0		0.0	70.0	200.0	29.0	90.0	0.0
19:54	17:39	96.6	92.0		0.0	70.0	200.0	29.0	90.0	0.0
19:56	17:41	96.6	92.0		0.0	70.0	200.0	29.0	90.0	0.0
19:57	17:42	96.6	91.8		0.0	70.0	200.0	29.0	90.0	0.0
19:59	17:44	96.6	91.8		0.0	70.0	200.0	29.0	90.0	0.0
20:00	17:45	96.5	91.8		0.0	70.0	200.0	29.0	90.0	0.0
20:02	17:47	96.5	91.8		0.0	70.0	200.0	29.0	90.0	0.0
20:03	17:48	96.5	91.6		0.0	70.0	200.0	29.0	90.0	0.0
20:05	17:50	96.6	91.6		0.0	70.0	200.0	29.0	90.0	0.0
20:06	17:51	96.4	91.6		0.0	70.0	200.0	29.0	90.0	0.0
20:08	17:53	96.2	91.7		0.0	70.0	200.0	29.0	90.0	0.0
20:09	17:54	96.2	91.7		0.0	70.0	200.0	29.0	90.0	0.0
20:11	17:56	96.2	91.7		0.0	70.0	200.0	29.0	90.0	0.0
20:12	17:57	96.5	91.7		0.0	70.0	200.0	29.0	90.0	0.0
20:14	17:59	96.5	91.4		0.0	70.0	200.0	29.0	90.0	0.0
20:15	18:00	96.5	91.26666667		0.0	70.0	200.0	29.0	90.0	0.0
20:17	18:02	96.3	91.13333333		0.0	70.0	200.0	29.0	90.0	0.0
20:18	18:03	96.16666667	91.0		0.0	70.0	200.0	29.0	90.0	0.0
20:20	18:05	96.03333333	91.0		0.0	70.0	200.0	29.0	90.0	0.0
20:21	18:06	95.9	91.0		0.0	70.0	200.0	29.0	90.0	0.0
20:23	18:08	95.9	91.0		0.0	70.0	200.0	29.0	90.0	0.0
20:24	18:09	95.9	91.1		0.0	70.0	200.0	29.0	90.0	0.0
20:26	18:11	96.1	90.96666667		0.0	70.0	200.0	29.0	90.0	0.0
20:27	18:12	95.7	90.83333333		0.0	70.0	200.0	29.0	90.0	0.0
20:29	18:14	95.4	90.7		0.0	70.0	200.0	29.0	90.0	0.0
20:30	18:15	95.1	90.7		0.0	70.0	200.0	29.0	90.0	0.0
20:32	18:17	95.1	90.7		0.0	70.0	200.0	29.0	90.0	0.0
20:33	18:18	95.1	90.6		0.0	70.0	200.0	29.0	90.0	0.0
20:35	18:20	95.3	90.6		0.0	70.0	200.0	29.0	90.0	0.0
20:36	18:21	94.8	90.46666667		0.0	70.0	200.0	29.0	90.0	0.0
20:38	18:23	95.0	90.33333333		0.0	70.0	200.0	29.0	90.0	0.0
20:39	18:24	95.2	90.2		0.0	70.0	200.0	29.0	90.0	0.0
20:41	18:26	95.2	90.2		0.0	70.0	200.0	29.0	90.0	0.0
20:42	18:27	95.03333333	90.2		0.0	70.0	200.0	29.0	90.0	0.0
20:44	18:29	94.86666667	90.0		0.0	70.0	200.0	29.0	90.0	0.0
20:45	18:30	94.7	90.0		0.0	70.0	200.0	29.0	90.0	0.0
20:47	18:32	94.7	90.0		0.0	70.0	200.0	29.0	90.0	0.0
20:48	18:33	94.7	90.2		0.0	70.0	200.0	29.0	90.0	0.0
20:50	18:35	94.7	90.06666667		0.0	70.0	200.0	29.0	90.0	0.0
20:51	18:36	94.9	89.93333333		0.0	70.0	200.0	29.0	90.0	0.0
20:53	18:38	94.9	89.8		0.0	70.0	200.0	29.0	90.0	0.0
20:54	18:39	94.9	89.8		0.0	70.0	200.0	29.0	90.0	0.0
20:56	18:41	94.8	89.8		0.0	70.0	200.0	29.0	90.0	0.0
20:57	18:42	94.6	89.5		0.0	70.0	200.0	29.0	90.0	0.0
20:59	18:44	94.4	89.26666667		0.0	70.0	200.0	29.0	90.0	0.0
21:00	18:45	94.56666667	89.03333333		0.0	70.0	200.0	29.0	90.0	0.0
21:02	18:47	94.73333333	88.8		0.0	70.0	200.0	29.0	90.0	0.0
21:03	18:48	94.9	88.8		0.0	70.0	200.0	29.0	90.0	0.0
21:05	18:50	94.5	88.8		0.0	70.0	200.0	29.0	90.0	0.0
21:06	18:51	94.36666667	88.9		0.0	70.0	200.0	29.0	90.0	0.0
21:08	18:53	94.23333333	88.75		0.0	70.0	200.0	29.0	90.0	0.0
21:09	18:54	94.1	88.6		0.0	70.0	200.0	29.0	90.0	0.0
21:11	18:56	94.1	88.6		0.0	70.0	200.0	29.0	90.0	0.0
21:12	18:57	94.1	88.6		0.0	70.0	200.0	29.0	90.0	0.0
21:14	18:59	93.8	88.5		0.0	70.0	200.0	29.0	90.0	0.0
21:15	19:00	94.05	88.5		0.0	70.0	200.0	29.0	90.0	0.0
21:17	19:02	94.3	88.5		0.0	70.0	200.0	29.0	90.0	0.0
21:18	19:03	94.3	88.5		0.0	70.0	200.0	29.0	90.0	0.0
21:20	19:05	94.3	88.4		0.0	70.0	200.0	29.0	90.0	0.0
21:21	19:06	94.0	88.15		0.0	70.0	200.0	29.0	90.0	0.0
21:23	19:08	93.83333333	87.9		0.0	70.0	200.0	29.0	90.0	0.0
21:24	19:09	93.66666667	87.9		0.0	70.0	200.0	29.0	90.0	0.0
21:26	19:11	93.5	87.9		0.0	70.0	200.0	29.0	90.0	0.0
21:27	19:12	93.5	87.8		0.0	70.0	200.0	29.0	90.0	0.0
21:29	19:14	93.5	87.8		0.0	70.0	200.0	29.0	90.0	0.0
21:30	19:15	93.5	87.8		0.0	70.0	200.0	29.0	90.0	0.0
21:32	19:17	93.2	87.6		0.0	70.0	200.0	29.0	90.0	0.0
21:33	19:18	93.2	87.4		0.0	70.0	200.0	29.0	90.0	0.0
21:35	19:20	93.2	87.2		0.0	70.0	200.0	29.0	90.0	0.0
21:36	19:21	93.1	87.06666667		0.0	70.0	200.0	29.0	90.0	0.0
21:38	19:23	93.4	86.93333333		0.0	70.0	200.0	29.0	90.0	0.0
21:39	19:24	93.25	86.8		0.0	70.0	200.0	29.0	90.0	0.0
21:41	19:26	93.1	87.0		0.0	70.0	200.0	29.0	90.0	0.0
21:42	19:27	93.1	87.2		0.0	70.0	200.0	29.0	90.0	0.0
21:44	19:29	93.1	86.95		0.0	70.0	200.0	29.0	90.0	0.0
21:45	19:30	93.1	86.7		0.0	70.0	200.0	29.0	90.0	0.0
21:47	19:32	93.0	86.7		0.0	70.0	200.0	29.0	90.0	0.0
21:48	19:33	92.8	86.7		0.0	70.0	200.0	29.0	90.0	0.0
21:50	19:35	92.6	86.7		0.0	70.0	200.0	29.0	90.0	0.0
21:51	19:36	92.4	86.8		0.0	70.0	200.0	29.0	90.0	0.0
21:53	19:38	92.2	86.8		0.0	70.0	200.0	29.0	90.0	0.0
21:54	19:39	92.0	86.8		0.0	70.0	200.0	29.0	90.0	0.0
21:56	19:41	91.65	86.6		0.0	70.0	200.0	29.0	90.0	0.0
21:57	19:42	91.3	86.2		0.0	70.0	200.0	29.0	90.0	0.0
21:59	19:44	92.1	86.2		0.0	70.0	200.0	29.0	90.0	0.0
22:00	19:45	92.1	86.2		0.0	70.0	200.0	29.0	90.0	0.0
22:02	19:47	92.1	86.1		0.0	70.0	200.0	29.0	90.0	0.0
22:03	19:48	92.1	85.85		0.0	70.0	200.0	29.0	90.0	0.0
22:05	19:50	91.9	85.6		0.0	70.0	200.0	29.0	90.0	0.0
22:06	19:51	91.9	86.0		0.0	70.0	200.0	29.0	90.0	0.0
22:08	19:53	91.9	85.6		0.0	70.0	200.0	29.0	90.0	0.0
22:09	19:54	91.8	86.1		0.0	70.0	200.0	29.0	90.0	0.0
22:11	19:56	91.8	86.4		0.0	70.0	200.0	29.0	90.0	0.0
22:12	19:57	91.8	86.15		0.0	70.0	200.0	29.0	90.0	0.0
22:14	19:59	91.8	85.9		0.0	70.0	200.0	29.0	90.0	0.0
22:15	20:00	91.7	85.75		0.0	70.0	200.0	29.0	90.0	0.0
22:17	20:02	91.53333333	85.6		0.0	70.0	200.0	29.0	90.0	0.0
22:18	20:03	91.36666667	85.6		0.0	70.0	200.0	29.0	90.0	0.0
22:20	20:05	91.2	85.6		0.0	70.0	200.0	29.0	90.0	0.0
22:21	20:06	91.6	85.8		0.0	70.0	200.0	29.0	90.0	0.0
22:23	20:08	91.35	85.4		0.0	70.0	200.0	29.0	90.0	0.0
22:24	20:09	91.1	85.25		0.0	70.0	200.0	29.0	90.0	0.0
22:26	20:11	90.9	85.1		0.0	70.0	200.0	29.0	90.0	0.0
22:27	20:12	90.7	85.1		0.0	70.0	200.0	29.0	90.0	0.0
22:29	20:14	90.9	85.1		0.0	70.0	200.0	29.0	90.0	0.0
22:30	20:15	91.1	85.1		0.0	70.0	200.0	29.0	90.0	0.0
22:32	20:17	91.5	85.0		0.0	70.0	200.0	29.0	90.0	0.0
22:33	20:18	91.33333333	85.0		0.0	70.0	200.0	29.0	90.0	0.0
22:35	20:20	91.16666667	85.0		0.0	70.0	200.0	29.0	90.0	0.0
22:36	20:21	91.0	84.8		0.0	70.0	200.0	29.0	90.0	0.0
22:38	20:23	91.0	85.1		0.0	70.0	200.0	29.0	90.0	0.0
22:39	20:24	91.0	85.4		0.0	70.0	200.0	29.0	90.0	0.0
22:41	20:26	91.0	85.4		0.0	70.0	200.0	29.0	90.0	0.0
22:42	20:27	90.9	85.4		0.0	70.0	200.0	29.0	90.0	0.0
22:44	20:29	90.7	85.3		0.0	70.0	200.0	29.0	90.0	0.0
22:45	20:30	90.5	85.3		0.0	70.0	200.0	29.0	90.0	0.0
22:47	20:32	90.23333333	85.3		0.0	70.0	200.0	29.0	90.0	0.0
22:48	20:33	89.96666667	85.4		0.0	70.0	200.0	29.0	90.0	0.0
22:50	20:35	89.7	85.0		0.0	70.0	200.0	29.0	90.0	0.0
22:51	20:36	89.7	85.0		0.0	70.0	200.0	29.0	90.0	0.0
22:53	20:38	89.7	85.0		0.0	70.0	200.0	29.0	90.0	0.0
22:54	20:39	89.8	85.2		0.0	70.0	200.0	29.0	90.0	0.0
22:56	20:41	89.8	85.2		0.0	70.0	200.0	29.0	90.0	0.0
22:57	20:42	89.8	85.2		0.0	70.0	200.0	29.0	90.0	0.0
22:59	20:44	89.8	85.1		0.0	70.0	200.0	29.0	90.0	0.0
23:00	20:45	89.8	84.7		0.0	70.0	200.0	29.0	90.0	0.0
23:02	20:47	89.8	84.7		0.0	70.0	200.0	29.0	90.0	0.0
23:03	20:48	89.7	84.7		0.0	70.0	200.0	29.0	90.0	0.0
23:05	20:50	89.5	84.7		0.0	70.0	200.0	29.0	90.0	0.0
23:06	20:51	89.3	84.8		0.0	70.0	200.0	29.0	90.0	0.0
23:08	20:53	89.3	84.8		0.0	70.0	200.0	29.0	90.0	0.0
23:09	20:54	89.3	84.8		0.0	70.0	200.0	29.0	90.0	0.0
23:11	20:56	89.5	84.7		0.0	70.0	200.0	29.0	90.0	0.0
23:12	20:57	89.5	84.7		0.0	70.0	200.0	29.0	90.0	0.0
23:14	20:59	89.5	84.7		0.0	70.0	200.0	29.0	90.0	0.0
23:15	21:00	89.6	84.5		0.0	70.0	200.0	29.0	90.0	0.0
23:17	21:02	89.6	84.5		0.0	70.0	200.0	29.0	90.0	0.0
23:18	21:03	89.6	84.5		0.0	70.0	200.0	29.0	90.0	0.0
23:20	21:05	89.5	84.4		0.0	70.0	200.0	29.0	90.0	0.0
23:21	21:06	89.33333333	84.4		0.0	70.0	200.0	29.0	90.0	0.0
23:23	21:08	89.16666667	84.4		0.0	70.0	200.0	29.0	90.0	0.0
23:24	21:09	89.0	84.2		0.0	70.0	200.0	29.0	90.0	0.0
23:26	21:11	89.0	84.2		0.0	70.0	200.0	29.0	90.0	0.0
23:27	21:12	89.0	84.2		0.0	70.0	200.0	29.0	90.0	0.0
23:29	21:14	89.2	83.9		0.0	70.0	200.0	29.0	90.0	0.0
23:30	21:15	89.2	83.9		0.0	70.0	200.0	29.0	90.0	0.0
23:32	21:17	89.2	83.9		0.0	70.0	200.0	29.0	90.0	0.0
23:33	21:18	89.0	84.0		0.0	70.0	200.0	29.0	90.0	0.0
23:35	21:20	88.76666667	83.6		0.0	70.0	200.0	29.0	90.0	0.0
23:36	21:21	88.53333333	83.6		0.0	70.0	200.0	29.0	90.0	0.0
23:38	21:23	88.3	83.6		0.0	70.0	200.0	29.0	90.0	0.0
23:39	21:24	88.7	83.7		0.0	70.0	200.0	29.0	90.0	0.0
23:41	21:26	88.0	83.5		0.0	70.0	200.0	29.0	90.0	0.0
23:42	21:27	88.25	83.3		0.0	70.0	200.0	29.0	90.0	0.0
23:44	21:29	88.5	83.5		0.0	70.0	200.0	29.0	90.0	0.0
23:45	21:30	88.5	83.7		0.0	70.0	200.0	29.0	90.0	0.0
23:47	21:32	88.5	83.7		0.0	70.0	200.0	29.0	90.0	0.0
23:48	21:33	88.3	83.56666667		0.0	70.0	200.0	29.0	90.0	0.0
23:50	21:35	87.8	83.43333333		0.0	70.0	200.0	29.0	90.0	0.0
23:51	21:36	87.8	83.3		0.0	70.0	200.0	29.0	90.0	0.0
23:53	21:38	87.8	83.3		0.0	70.0	200.0	29.0	90.0	0.0
23:54	21:39	87.5	83.3		0.0	70.0	200.0	29.0	90.0	0.0
23:56	21:41	87.5	83.3		0.0	70.0	200.0	29.0	90.0	0.0
23:57	21:42	87.5	83.4		0.0	70.0	200.0	29.0	90.0	0.0
23:59	21:44	87.6	83.25		0.0	70.0	200.0	29.0	90.0	0.0
24:00	21:45	87.6	83.1		0.0	70.0	200.0	29.0	90.0	0.0
24:02	21:47	87.6	83.25		0.0	70.0	200.0	29.0	90.0	0.0
24:03	21:48	87.4	83.4		0.0	70.0	200.0	29.0	90.0	0.0
24:05	21:50	87.1	83.15		0.0	70.0	200.0	29.0	90.0	0.0
24:06	21:51	87.1	82.9		0.0	70.0	200.0	29.0	90.0	0.0
24:08	21:53	87.1	82.9		0.0	70.0	200.0	29.0	90.0	0.0
24:09	21:54	87.0	82.9		0.0	70.0	200.0	29.0	90.0	0.0
24:11	21:56	87.0	83.0		0.0	70.0	200.0	29.0	90.0	0.0
24:12	21:57	87.0	83.0		0.0	70.0	200.0	29.0	90.0	0.0
24:14	21:59	86.9	83.0		0.0	70.0	200.0	29.0	90.0	0.0
24:15	22:00	86.6	83.0		0.0	70.0	200.0	29.0	90.0	0.0
24:17	22:02	86.76666667	82.83333333		0.0	70.0	200.0	29.0	90.0	0.0
24:18	22:03	86.93333333	82.66666667		0.0	70.0	200.0	29.0	90.0	0.0
24:20	22:05	87.1	82.5		0.0	70.0	200.0	29.0	90.0	0.0
24:21	22:06	86.7	82.5		0.0	70.0	200.0	29.0	90.0	0.0
24:23	22:08	86.7	82.5		0.0	70.0	200.0	29.0	90.0	0.0
24:24	22:09	86.7	82.4		0.0	70.0	200.0	29.0	90.0	0.0
24:26	22:11	86.8	82.2		0.0	70.0	200.0	29.0	90.0	0.0
24:27	22:12	86.66666667	82.0		0.0	70.0	200.0	29.0	90.0	0.0
24:29	22:14	86.53333333	82.5		0.0	70.0	200.0	29.0	90.0	0.0
24:30	22:15	86.4	82.33333333		0.0	70.0	200.0	29.0	90.0	0.0
24:32	22:17	86.4	82.16666667		0.0	70.0	200.0	29.0	90.0	0.0
24:33	22:18	86.4	82.0		0.0	70.0	200.0	29.0	90.0	0.0
24:35	22:20	86.3	82.4		0.0	70.0	200.0	29.0	90.0	0.0
24:36	22:21	86.16666667	82.0		0.0	70.0	200.0	29.0	90.0	0.0
24:38	22:23	86.03333333	82.0		0.0	70.0	200.0	29.0	90.0	0.0
24:39	22:24	85.9	82.0		0.0	70.0	200.0	29.0	90.0	0.0
24:41	22:26	86.1	81.7		0.0	70.0	200.0	29.0	90.0	0.0
24:42	22:27	86.3	81.46666667		0.0	70.0	200.0	29.0	90.0	0.0
24:44	22:29	86.5	81.23333333		0.0	70.0	200.0	29.0	90.0	0.0
24:45	22:30	86.5	81.0		0.0	70.0	200.0	29.0	90.0	0.0
24:47	22:32	86.5	81.4		0.0	70.0	200.0	29.0	90.0	0.0
24:48	22:33	86.2	81.4		0.0	70.0	200.0	29.0	90.0	0.0
24:50	22:35	86.0	81.4		0.0	70.0	200.0	29.0	90.0	0.0
24:51	22:36	85.8	81.2		0.0	70.0	200.0	29.0	90.0	0.0
24:53	22:38	85.6	80.9		0.0	70.0	200.0	29.0	90.0	0.0
24:54	22:39	85.6	80.6		0.0	70.0	200.0	29.0	90.0	0.0
24:56	22:41	85.73333333	80.9		0.0	70.0	200.0	29.0	90.0	0.0
24:57	22:42	85.86666667	80.9		0.0	70.0	200.0	29.0	90.0	0.0
24:59	22:44	86.0	80.9		0.0	70.0	200.0	29.0	90.0	0.0
25:00	22:45	85.6	81.0		0.0	70.0	200.0	29.0	90.0	0.0
25:02	22:47	85.6	80.4		0.0	70.0	200.0	29.0	90.0	0.0
25:03	22:48	85.6	80.8		0.0	70.0	200.0	29.0	90.0	0.0
25:05	22:50	85.3	80.96666667		0.0	70.0	200.0	29.0	90.0	0.0
25:06	22:51	85.05	81.13333333		0.0	70.0	200.0	29.0	90.0	0.0
25:08	22:53	84.8	81.3		0.0	70.0	200.0	29.0	90.0	0.0
25:09	22:54	85.2	80.8		0.0	70.0	200.0	29.0	90.0	0.0
25:11	22:56	85.2	80.8		0.0	70.0	200.0	29.0	90.0	0.0
25:12	22:57	85.2	80.8		0.0	70.0	200.0	29.0	90.0	0.0
25:14	22:59	84.9	80.7		0.0	70.0	200.0	29.0	90.0	0.0
25:15	23:00	85.3	80.3		0.0	70.0	200.0	29.0	90.0	0.0
25:17	23:02	85.1	80.55		0.0	70.0	200.0	29.0	90.0	0.0
25:18	23:03	84.9	80.8		0.0	70.0	200.0	29.0	90.0	0.0
25:20	23:05	84.9	80.8		0.0	70.0	200.0	29.0	90.0	0.0
25:21	23:06	84.9	80.8		0.0	70.0	200.0	29.0	90.0	0.0
25:23	23:08	85.1	80.5		0.0	70.0	200.0	29.0	90.0	0.0
25:24	23:09	85.1	80.5		0.0	70.0	200.0	29.0	90.0	0.0
25:26	23:11	85.1	80.5		0.0	70.0	200.0	29.0	90.0	0.0
25:27	23:12	84.8	80.8		0.0	70.0	200.0	29.0	90.0	0.0
25:29	23:14	84.8	80.8		0.0	70.0	200.0	29.0	90.0	0.0
25:30	23:15	84.8	80.8		0.0	70.0	200.0	29.0	90.0	0.0
25:32	23:17	84.7	80.7		0.0	70.0	200.0	29.0	90.0	0.0
25:33	23:18	84.53333333	80.56666667		0.0	70.0	200.0	29.0	90.0	0.0
25:35	23:20	84.36666667	80.43333333		0.0	70.0	200.0	29.0	90.0	0.0
25:36	23:21	84.2	80.3		0.0	70.0	200.0	29.0	90.0	0.0
25:38	23:23	84.36666667	80.3		0.0	70.0	200.0	29.0	90.0	0.0
25:39	23:24	84.53333333	80.3		0.0	70.0	200.0	29.0	90.0	0.0
25:41	23:26	84.7	80.5		0.0	70.0	200.0	29.0	90.0	0.0
25:42	23:27	84.3	80.26666667		0.0	70.0	200.0	29.0	90.0	0.0
25:44	23:29	84.3	80.03333333		0.0	70.0	200.0	29.0	90.0	0.0
25:45	23:30	84.3	79.8		0.0	70.0	200.0	29.0	90.0	0.0
25:47	23:32	84.5	80.2		0.0	70.0	200.0	29.0	90.0	0.0
25:48	23:33	84.1	80.2		0.0	70.0	200.0	29.0	90.0	0.0
25:50	23:35	83.7	80.2		0.0	70.0	200.0	29.0	90.0	0.0
25:51	23:36	83.7	80.2		0.0	70.0	200.0	29.0	90.0	0.0
25:53	23:38	83.7	80.2		0.0	70.0	200.0	29.0	90.0	0.0
25:54	23:39	84.0	80.2		0.0	70.0	200.0	29.0	90.0	0.0
25:56	23:41	84.0	80.3		0.0	70.0	200.0	29.0	90.0	0.0
25:57	23:42	84.0	80.13333333		0.0	70.0	200.0	29.0	90.0	0.0
25:59	23:44	83.8	79.96666667		0.0	70.0	200.0	29.0	90.0	0.0
26:00	23:45	83.4	79.8		0.0	70.0	200.0	29.0	90.0	0.0
26:02	23:47	83.23333333	79.8		0.0	70.0	200.0	29.0	90.0	0.0
26:03	23:48	83.06666667	79.8		0.0	70.0	200.0	29.0	90.0	0.0
26:05	23:50	82.9	79.6		0.0	70.0	200.0	29.0	90.0	0.0
26:06	23:51	83.4	79.4		0.0	70.0	200.0	29.0	90.0	0.0
26:08	23:53	83.4	79.2		0.0	70.0	200.0	29.0	90.0	0.0
26:09	23:54	83.4	79.4		0.0	70.0	200.0	29.0	90.0	0.0
26:11	23:56	83.7	79.6		0.0	70.0	200.0	29.0	90.0	0.0
26:12	23:57	83.46666667	79.43333333		0.0	70.0	200.0	29.0	90.0	0.0
26:14	23:59	83.23333333	79.26666667		0.0	70.0	200.0	29.0	90.0	0.0
26:15	24:00	83.0	79.1		0.0	70.0	200.0	29.0	90.0	0.0
26:17	24:02	83.0	79.4		0.0	70.0	200.0	29.0	90.0	0.0
26:18	24:03	83.0	79.4		0.0	70.0	200.0	29.0	90.0	0.0
26:20	24:05	82.9	79.4		0.0	70.0	200.0	29.0	90.0	0.0
26:21	24:06	82.9	79.2		0.0	70.0	200.0	29.0	90.0	0.0
26:23	24:08	82.9	79.2		0.0	70.0	200.0	29.0	90.0	0.0
26:24	24:09	82.8	79.2		0.0	70.0	200.0	29.0	90.0	0.0
26:26	24:11	82.8	79.5		0.0	70.0	200.0	29.0	90.0	0.0
26:27	24:12	82.8	79.33333333		0.0	70.0	200.0	29.0	90.0	0.0
26:29	24:14	82.7	79.16666667		0.0	70.0	200.0	29.0	90.0	0.0
26:30	24:15	82.7	79.0		0.0	70.0	200.0	29.0	90.0	0.0
26:32	24:17	82.7	79.0		0.0	70.0	200.0	29.0	90.0	0.0
26:33	24:18	82.7	79.0		0.0	70.0	200.0	29.0	90.0	0.0
26:35	24:20	82.6	78.9		0.0	70.0	200.0	29.0	90.0	0.0
26:36	24:21	82.6	78.7		0.0	70.0	200.0	29.0	90.0	0.0
26:38	24:23	82.6	78.5		0.0	70.0	200.0	29.0	90.0	0.0
26:39	24:24	82.4	78.9		0.0	70.0	200.0	29.0	90.0	0.0
26:41	24:26	82.4	78.6		0.0	70.0	200.0	29.0	90.0	0.0
26:42	24:27	82.4	78.6		0.0	70.0	200.0	29.0	90.0	0.0
26:44	24:29	82.3	78.6		0.0	70.0	200.0	29.0	90.0	0.0
26:45	24:30	82.0	78.5		0.0	70.0	200.0	29.0	90.0	0.0
26:47	24:32	81.7	78.1		0.0	70.0	200.0	29.0	90.0	0.0
26:48	24:33	81.7	78.1		0.0	70.0	200.0	29.0	90.0	0.0
26:50	24:35	81.7	78.1		0.0	70.0	200.0	29.0	90.0	0.0
26:51	24:36	81.8	78.2		0.0	70.0	200.0	29.0	90.0	0.0
26:53	24:38	81.8	78.2		0.0	70.0	200.0	29.0	90.0	0.0
26:54	24:39	81.8	78.2		0.0	70.0	200.0	29.0	90.0	0.0
26:56	24:41	81.5	78.4		0.0	70.0	200.0	29.0	90.0	0.0
26:57	24:42	81.5	78.0		0.0	70.0	200.0	29.0	90.0	0.0
26:59	24:44	81.5	78.6		0.0	70.0	200.0	29.0	90.0	0.0
27:00	24:45	81.7	78.4		0.0	70.0	200.0	29.0	90.0	0.0
27:02	24:47	81.7	78.2		0.0	70.0	200.0	29.0	90.0	0.0
27:03	24:48	81.7	78.2		0.0	70.0	200.0	29.0	90.0	0.0
27:05	24:50	81.7	78.2		0.0	70.0	200.0	29.0	90.0	0.0
27:06	24:51	81.5	78.0		0.0	70.0	200.0	29.0	90.0	0.0
27:08	24:53	82.1	77.8		0.0	70.0	200.0	29.0	90.0	0.0
27:09	24:54	81.7	77.6		0.0	70.0	200.0	29.0	90.0	0.0
27:11	24:56	81.7	77.6		0.0	70.0	200.0	29.0	90.0	0.0
27:12	24:57	81.7	77.6		0.0	70.0	200.0	29.0	90.0	0.0
27:14	24:59	81.7	77.8		0.0	70.0	200.0	29.0	90.0	0.0
27:15	25:00	81.6	77.8		0.0	70.0	200.0	29.0	90.0	0.0
27:17	25:02	81.2	77.8		0.0	70.0	200.0	29.0	90.0	0.0
27:18	25:03	81.2	77.7		0.0	70.0	200.0	29.0	90.0	0.0
27:20	25:05	81.2	77.7		0.0	70.0	200.0	29.0	90.0	0.0
27:21	25:06	80.9	77.7		0.0	70.0	200.0	29.0	90.0	0.0
27:23	25:08	80.9	77.4		0.0	70.0	200.0	29.0	90.0	0.0
27:24	25:09	80.9	77.65		0.0	70.0	200.0	29.0	90.0	0.0
27:26	25:11	81.2	77.9		0.0	70.0	200.0	29.0	90.0	0.0
27:27	25:12	80.8	77.75		0.0	70.0	200.0	29.0	90.0	0.0
27:29	25:14	80.8	77.6		0.0	70.0	200.0	29.0	90.0	0.0
27:30	25:15	80.8	77.6		0.0	70.0	200.0	29.0	90.0	0.0
27:32	25:17	80.6	77.6		0.0	70.0	200.0	29.0	90.0	0.0
27:33	25:18	80.6	77.8		0.0	70.0	200.0	29.0	90.0	0.0
27:35	25:20	80.6	77.55		0.0	70.0	200.0	29.0	90.0	0.0
27:36	25:21	80.4	77.3		0.0	70.0	200.0	29.0	90.0	0.0
27:38	25:23	80.4	77.16666667		0.0	70.0	200.0	29.0	90.0	0.0
27:39	25:24	80.4	77.03333333		0.0	70.0	200.0	29.0	90.0	0.0
27:41	25:26	80.5	76.9		0.0	70.0	200.0	29.0	90.0	0.0
27:42	25:27	80.5	77.3		0.0	70.0	200.0	29.0	90.0	0.0
27:44	25:29	80.5	77.3		0.0	70.0	200.0	29.0	90.0	0.0
27:45	25:30	80.5	77.3		0.0	70.0	200.0	29.0	90.0	0.0
27:47	25:32	80.3	77.4		0.0	70.0	200.0	29.0	90.0	0.0
27:48	25:33	80.3	77.3		0.0	70.0	200.0	29.0	90.0	0.0
27:50	25:35	80.3	77.2		0.0	70.0	200.0	29.0	90.0	0.0
27:51	25:36	80.1	77.1		0.0	70.0	200.0	29.0	90.0	0.0
27:53	25:38	79.9	77.1		0.0	70.0	200.0	29.0	90.0	0.0
27:54	25:39	79.7	77.1		0.0	70.0	200.0	29.0	90.0	0.0
27:56	25:41	80.1	77.2		0.0	70.0	200.0	29.0	90.0	0.0
27:57	25:42	79.7	77.2		0.0	70.0	200.0	29.0	90.0	0.0
27:59	25:44	80.2	77.2		0.0	70.0	200.0	29.0	90.0	0.0
28:00	25:45	79.9	76.9		0.0	70.0	200.0	29.0	90.0	0.0
28:02	25:47	79.6	76.9		0.0	70.0	200.0	29.0	90.0	0.0
28:03	25:48	79.46666667	76.9		0.0	70.0	200.0	29.0	90.0	0.0
28:05	25:50	79.33333333	76.9		0.0	70.0	200.0	29.0	90.0	0.0
28:06	25:51	79.2	76.8		0.0	70.0	200.0	29.0	90.0	0.0
28:08	25:53	79.2	76.8		0.0	70.0	200.0	29.0	90.0	0.0
28:09	25:54	79.2	76.8		0.0	70.0	200.0	29.0	90.0	0.0
28:11	25:56	79.1	76.6		0.0	70.0	200.0	29.0	90.0	0.0
28:12	25:57	79.4	76.36666667		0.0	70.0	200.0	29.0	90.0	0.0
28:14	25:59	79.4	76.13333333		0.0	70.0	200.0	29.0	90.0	0.0
28:15	26:00	79.4	75.9		0.0	70.0	200.0	29.0	90.0	0.0
28:17	26:02	79.5	76.3		0.0	70.0	200.0	29.0	90.0	0.0
28:18	26:03	79.25	76.3		0.0	70.0	200.0	29.0	90.0	0.0
28:20	26:05	79.0	76.3		0.0	70.0	200.0	29.0	90.0	0.0
28:21	26:06	79.0	76.0		0.0	70.0	200.0	29.0	90.0	0.0
28:23	26:08	79.0	75.4		0.0	70.0	200.0	29.0	90.0	0.0
28:24	26:09	78.8	75.8		0.0	70.0	200.0	29.0	90.0	0.0
28:26	26:11	78.8	75.8		0.0	70.0	200.0	29.0	90.0	0.0
28:27	26:12	78.8	75.8		0.0	70.0	200.0	29.0	90.0	0.0
28:29	26:14	78.7	75.8		0.0	70.0	200.0	29.0	90.0	0.0
28:30	26:15	78.3	75.9		0.0	70.0	200.0	29.0	90.0	0.0
28:32	26:17	78.3	75.6		0.0	70.0	200.0	29.0	90.0	0.0
28:33	26:18	78.3	75.6		0.0	70.0	200.0	29.0	90.0	0.0
28:35	26:20	78.0	75.6		0.0	70.0	200.0	29.0	90.0	0.0
28:36	26:21	78.6	75.6		0.0	70.0	200.0	29.0	90.0	0.0
28:38	26:23	78.6	75.6		0.0	70.0	200.0	29.0	90.0	0.0
28:39	26:24	78.6	75.7		0.0	70.0	200.0	29.0	90.0	0.0
28:41	26:26	78.5	75.7		0.0	70.0	200.0	29.0	90.0	0.0
28:42	26:27	78.33333333	75.7		0.0	70.0	200.0	29.0	90.0	0.0
28:44	26:29	78.16666667	75.7		0.0	70.0	200.0	29.0	90.0	0.0
28:45	26:30	78.0	75.4		0.0	70.0	200.0	29.0	90.0	0.0
28:47	26:32	78.2	75.2		0.0	70.0	200.0	29.0	90.0	0.0
28:48	26:33	78.4	75.0		0.0	70.0	200.0	29.0	90.0	0.0
28:50	26:35	78.2	75.35		0.0	70.0	200.0	29.0	90.0	0.0
28:51	26:36	78.0	75.7		0.0	70.0	200.0	29.0	90.0	0.0
28:53	26:38	77.8	75.5		0.0	70.0	200.0	29.0	90.0	0.0
28:54	26:39	77.8	75.3		0.0	70.0	200.0	29.0	90.0	0.0
28:56	26:41	77.8	75.1		0.0	70.0	200.0	29.0	90.0	0.0
28:57	26:42	77.9	75.1		0.0	70.0	200.0	29.0	90.0	0.0
28:59	26:44	77.9	75.1		0.0	70.0	200.0	29.0	90.0	0.0
29:00	26:45	77.9	75.3		0.0	70.0	200.0	29.0	90.0	0.0
29:02	26:47	77.8	75.3		0.0	70.0	200.0	29.0	90.0	0.0
29:03	26:48	77.8	75.3		0.0	70.0	200.0	29.0	90.0	0.0
29:05	26:50	77.8	75.1		0.0	70.0	200.0	29.0	90.0	0.0
29:06	26:51	77.7	75.23333333		0.0	70.0	200.0	29.0	90.0	0.0
29:08	26:53	77.7	75.36666667		0.0	70.0	200.0	29.0	90.0	0.0
29:09	26:54	77.7	75.5		0.0	70.0	200.0	29.0	90.0	0.0
29:11	26:56	77.5	75.25		0.0	70.0	200.0	29.0	90.0	0.0
29:12	26:57	77.5	75.0		0.0	70.0	200.0	29.0	90.0	0.0
29:14	26:59	77.5	75.0		0.0	70.0	200.0	29.0	90.0	0.0
29:15	27:00	77.4	75.0		0.0	70.0	200.0	29.0	90.0	0.0
29:17	27:02	77.4	75.0		0.0	70.0	200.0	29.0	90.0	0.0
29:18	27:03	77.4	74.8		0.0	70.0	200.0	29.0	90.0	0.0
29:20	27:05	77.5	74.8		0.0	70.0	200.0	29.0	90.0	0.0
29:21	27:06	77.1	74.8		0.0	70.0	200.0	29.0	90.0	0.0
29:23	27:08	77.1	74.5		0.0	70.0	200.0	29.0	90.0	0.0
29:24	27:09	77.1	74.5		0.0	70.0	200.0	29.0	90.0	0.0
29:26	27:11	77.3	74.5		0.0	70.0	200.0	29.0	90.0	0.0
29:27	27:12	77.3	74.5		0.0	70.0	200.0	29.0	90.0	0.0
29:29	27:14	77.3	74.7		0.0	70.0	200.0	29.0	90.0	0.0
29:30	27:15	77.1	74.56666667		0.0	70.0	200.0	29.0	90.0	0.0
29:32	27:17	76.6	74.43333333		0.0	70.0	200.0	29.0	90.0	0.0
29:33	27:18	76.75	74.3		0.0	70.0	200.0	29.0	90.0	0.0
29:35	27:20	76.9	74.3		0.0	70.0	200.0	29.0	90.0	0.0
29:36	27:21	76.5	74.3		0.0	70.0	200.0	29.0	90.0	0.0
29:38	27:23	76.5	74.4		0.0	70.0	200.0	29.0	90.0	0.0
29:39	27:24	76.5	74.4		0.0	70.0	200.0	29.0	90.0	0.0
29:41	27:26	76.6	74.4		0.0	70.0	200.0	29.0	90.0	0.0
29:42	27:27	76.6	74.3		0.0	70.0	200.0	29.0	90.0	0.0
29:44	27:29	76.6	73.9		0.0	70.0	200.0	29.0	90.0	0.0
29:45	27:30	76.3	73.5		0.0	70.0	200.0	29.0	90.0	0.0
29:47	27:32	76.3	73.7		0.0	70.0	200.0	29.0	90.0	0.0
29:48	27:33	76.3	73.9		0.0	70.0	200.0	29.0	90.0	0.0
29:50	27:35	76.3	73.9		0.0	70.0	200.0	29.0	90.0	0.0
29:51	27:36	76.2	73.9		0.0	70.0	200.0	29.0	90.0	0.0
29:53	27:38	76.2	73.8		0.0	70.0	200.0	29.0	90.0	0.0
29:54	27:39	76.2	73.8		0.0	70.0	200.0	29.0	90.0	0.0
29:56	27:41	76.1	73.8		0.0	70.0	200.0	29.0	90.0	0.0
29:57	27:42	76.1	73.5		0.0	70.0	200.0	29.0	90.0	0.0
29:59	27:44	76.1	73.5		0.0	70.0	200.0	29.0	90.0	0.0
30:00	27:45	75.8	73.5		0.0	70.0	200.0	29.0	90.0	0.0
30:02	27:47	75.8	73.5		0.0	70.0	200.0	29.0	90.0	0.0
30:03	27:48	75.8	73.4		0.0	70.0	200.0	29.0	90.0	0.0
30:05	27:50	75.9	73.2		0.0	70.0	200.0	29.0	90.0	0.0
30:06	27:51	75.6	73.0		0.0	70.0	200.0	29.0	90.0	0.0
30:08	27:53	75.6	73.0		0.0	70.0	200.0	29.0	90.0	0.0
30:09	27:54	75.6	73.0		0.0	70.0	200.0	29.0	90.0	0.0
30:11	27:56	75.4	73.0		0.0	70.0	200.0	29.0	90.0	0.0
30:12	27:57	75.8	73.1		0.0	70.0	200.0	29.0	90.0	0.0
30:14	27:59	75.6	73.1		0.0	70.0	200.0	29.0	90.0	0.0
30:15	27:60	75.4	73.1		0.0	70.0	171.33333333	29.0	90.0	0.0
30:17	28:02	75.6	73.1		0.0	70.0	142.66666667	29.0	90.0	0.0
30:18	28:03	75.8	72.8		0.0	70.0	114.0	29.0	90.0	0.0
30:19	28:05	75.6	72.8		0.0	70.0	104.0	29.0	90.0	0.0
30:21	28:06	75.4	72.66666667		0.0	70.0	71.33333333	29.0	90.0	0.0
30:22	28:08	75.4	72.53333333		0.0	70.0	38.66666667	29.0	90.0	0.0
30:24	28:09	75.4	72.4		0.0	70.0	6.0	29.0	90.0	0.0
30:26	28:11	75.5	72.4		0.0	70.0	3.0	29.0	90.0	0.0
30:27	28:12	75.5	72.4		0.0	70.0	0.0	29.0	90.0	0.0
30:29	28:14	75.5	72.5		0.0	70.0	0.0	29.0	90.0	0.0
